# Blender 4.5.0
# www.blender.org
mtllib bubble_bottle.mtl
o Bottle
v -0.135793 0.071280 -0.754727
v -0.135793 0.756907 -0.754727
v 0.019612 0.071280 -0.739421
v 0.019612 0.756907 -0.739421
v 0.169045 0.071280 -0.694091
v 0.169045 0.756907 -0.694091
v 0.306763 0.071280 -0.620479
v 0.306763 0.756907 -0.620479
v 0.427474 0.071280 -0.521414
v 0.427474 0.756907 -0.521414
v 0.526539 0.071280 -0.400703
v 0.526539 0.756907 -0.400703
v 0.600151 0.071280 -0.262985
v 0.600151 0.756907 -0.262985
v 0.645481 0.071280 -0.113552
v 0.645481 0.756907 -0.113552
v 0.660787 0.071280 0.041853
v 0.660787 0.756907 0.041853
v 0.645481 0.071280 0.197258
v 0.645481 0.756907 0.197258
v 0.600151 0.069976 0.346691
v 0.600151 0.756907 0.346691
v 0.526539 0.069976 0.484409
v 0.526539 0.756907 0.484409
v 0.427474 0.069976 0.605120
v 0.427474 0.756907 0.605120
v 0.306763 0.069976 0.704185
v 0.306763 0.756907 0.704185
v 0.169045 0.069976 0.777797
v 0.169045 0.756907 0.777797
v 0.019612 0.069976 0.823127
v 0.019612 0.756907 0.823127
v -0.135793 0.069976 0.838433
v -0.135793 0.756907 0.838433
v -0.291198 0.069976 0.823127
v -0.291198 0.756907 0.823127
v -0.440631 0.069976 0.777797
v -0.440631 0.756907 0.777797
v -0.578350 0.069976 0.704185
v -0.578350 0.756907 0.704185
v -0.699061 0.069976 0.605120
v -0.699061 0.756907 0.605120
v -0.798126 0.069976 0.484409
v -0.798126 0.756907 0.484409
v -0.871738 0.069976 0.346691
v -0.871738 0.756907 0.346691
v -0.917068 0.069976 0.197258
v -0.917068 0.756907 0.197258
v -0.932374 0.069976 0.041853
v -0.932374 0.756907 0.041853
v -0.917068 0.069976 -0.113552
v -0.917068 0.756907 -0.113552
v -0.871738 0.069976 -0.262985
v -0.871738 0.756907 -0.262985
v -0.798126 0.071280 -0.400703
v -0.798126 0.756907 -0.400703
v -0.699061 0.071280 -0.521414
v -0.699061 0.756907 -0.521414
v -0.578350 0.071280 -0.620479
v -0.578350 0.756907 -0.620479
v -0.440631 0.071280 -0.694091
v -0.440631 0.756907 -0.694091
v -0.291198 0.071280 -0.739421
v -0.291198 0.756907 -0.739421
v 0.012510 0.777194 -0.703716
v -0.135793 0.777194 -0.718322
v 0.155113 0.777194 -0.660457
v 0.286537 0.777194 -0.590209
v 0.401732 0.777194 -0.495672
v 0.496269 0.777194 -0.380478
v 0.566517 0.777194 -0.249053
v 0.609775 0.777194 -0.106450
v 0.624382 0.777194 0.041853
v 0.609775 0.777194 0.190156
v 0.566517 0.777194 0.332759
v 0.496269 0.777194 0.464184
v 0.401732 0.777194 0.579378
v 0.286537 0.777194 0.673916
v 0.155113 0.777194 0.744163
v 0.012510 0.777194 0.787422
v -0.135793 0.777194 0.802028
v -0.284096 0.777194 0.787422
v -0.426700 0.777194 0.744163
v -0.558124 0.777194 0.673916
v -0.673318 0.777194 0.579378
v -0.767856 0.777194 0.464184
v -0.838104 0.777194 0.332759
v -0.881362 0.777194 0.190156
v -0.895968 0.777194 0.041853
v -0.881362 0.777194 -0.106450
v -0.838104 0.777194 -0.249053
v -0.767856 0.777194 -0.380478
v -0.673318 0.777194 -0.495672
v -0.558124 0.777194 -0.590209
v -0.426700 0.777194 -0.660457
v -0.284096 0.777194 -0.703716
v 0.012510 2.061654 -0.703716
v -0.135793 2.061654 -0.718322
v 0.155113 2.061654 -0.660457
v 0.286537 2.061654 -0.590209
v 0.401732 2.061654 -0.495672
v 0.496269 2.061654 -0.380478
v 0.566517 2.061654 -0.249053
v 0.609775 2.061654 -0.106450
v 0.624382 2.061654 0.041853
v 0.609775 2.061654 0.190156
v 0.566517 2.061654 0.332759
v 0.496269 2.061654 0.464184
v 0.401732 2.061654 0.579378
v 0.286537 2.061654 0.673916
v 0.155113 2.061654 0.744163
v 0.012510 2.061654 0.787422
v -0.135793 2.061654 0.802028
v -0.284096 2.061654 0.787422
v -0.426700 2.061654 0.744163
v -0.558124 2.061654 0.673916
v -0.673318 2.061654 0.579378
v -0.767856 2.061654 0.464184
v -0.838104 2.061654 0.332759
v -0.881362 2.061654 0.190156
v -0.895968 2.061654 0.041853
v -0.881362 2.061654 -0.106450
v -0.838104 2.061654 -0.249053
v -0.767856 2.061654 -0.380478
v -0.673318 2.061654 -0.495672
v -0.558124 2.061654 -0.590209
v -0.426700 2.061654 -0.660457
v -0.284096 2.061654 -0.703716
v 0.017116 2.104614 -0.726875
v -0.135793 2.104614 -0.741936
v 0.164150 2.104614 -0.682273
v 0.299656 2.104614 -0.609843
v 0.418429 2.104614 -0.512369
v 0.515903 2.104614 -0.393597
v 0.588333 2.104614 -0.258090
v 0.632935 2.104614 -0.111057
v 0.647995 2.104614 0.041853
v 0.632935 2.104614 0.194763
v 0.588333 2.104614 0.341796
v 0.515903 2.104614 0.477303
v 0.418429 2.104614 0.596075
v 0.299656 2.104614 0.693550
v 0.164150 2.104614 0.765979
v 0.017116 2.104614 0.810581
v -0.135793 2.104614 0.825642
v -0.288703 2.104614 0.810581
v -0.435736 2.104614 0.765979
v -0.571243 2.104614 0.693550
v -0.690016 2.104614 0.596075
v -0.787490 2.104614 0.477303
v -0.859920 2.104614 0.341796
v -0.904522 2.104614 0.194763
v -0.919582 2.104614 0.041853
v -0.904522 2.104614 -0.111057
v -0.859920 2.104614 -0.258090
v -0.787490 2.104614 -0.393597
v -0.690016 2.104614 -0.512369
v -0.571243 2.104614 -0.609843
v -0.435736 2.104614 -0.682273
v -0.288703 2.104614 -0.726875
v 0.017116 2.104614 -0.726875
v -0.135793 2.104614 -0.741936
v 0.164150 2.104614 -0.682273
v 0.299656 2.104614 -0.609843
v 0.418429 2.104614 -0.512369
v 0.515903 2.104614 -0.393597
v 0.588333 2.104614 -0.258090
v 0.632935 2.104614 -0.111057
v 0.647995 2.104614 0.041853
v 0.632935 2.104614 0.194763
v 0.588333 2.104614 0.341796
v 0.515903 2.104614 0.477303
v 0.418429 2.104614 0.596075
v 0.299656 2.104614 0.693550
v 0.164150 2.104614 0.765979
v 0.017116 2.104614 0.810581
v -0.135793 2.104614 0.825642
v -0.288703 2.104614 0.810581
v -0.435736 2.104614 0.765979
v -0.571243 2.104614 0.693550
v -0.690016 2.104614 0.596075
v -0.787490 2.104614 0.477303
v -0.859920 2.104614 0.341796
v -0.904522 2.104614 0.194763
v -0.919582 2.104614 0.041853
v -0.904522 2.104614 -0.111057
v -0.859920 2.104614 -0.258090
v -0.787490 2.104614 -0.393597
v -0.690016 2.104614 -0.512369
v -0.571243 2.104614 -0.609843
v -0.435736 2.104614 -0.682273
v -0.288703 2.104614 -0.726875
v -0.026026 2.791971 -0.509983
v -0.135793 2.791971 -0.520794
v 0.079523 2.791971 -0.477965
v 0.176797 2.791971 -0.425971
v 0.262059 2.791971 -0.355999
v 0.332031 2.791971 -0.270737
v 0.384025 2.791971 -0.173463
v 0.416043 2.791971 -0.067914
v 0.426854 2.791971 0.041853
v 0.416043 2.791971 0.151620
v 0.384025 2.791971 0.257169
v 0.332031 2.791971 0.354443
v 0.262059 2.791971 0.439705
v 0.176797 2.791971 0.509677
v 0.079523 2.791971 0.561671
v -0.026026 2.791971 0.593689
v -0.135793 2.791971 0.604500
v -0.245560 2.791971 0.593689
v -0.351109 2.791971 0.561671
v -0.448383 2.791971 0.509677
v -0.533645 2.791971 0.439705
v -0.603617 2.791971 0.354443
v -0.655612 2.791971 0.257169
v -0.687630 2.791971 0.151620
v -0.698441 2.791971 0.041853
v -0.687630 2.791971 -0.067914
v -0.655612 2.791971 -0.173463
v -0.603617 2.791971 -0.270737
v -0.533645 2.791971 -0.355999
v -0.448383 2.791971 -0.425971
v -0.351109 2.791971 -0.477965
v -0.245560 2.791971 -0.509983
v -0.026026 2.893609 -0.509983
v -0.135793 2.893609 -0.520794
v 0.079523 2.893609 -0.477965
v 0.176797 2.893609 -0.425971
v 0.262059 2.893609 -0.355999
v 0.332031 2.893609 -0.270737
v 0.384025 2.893609 -0.173463
v 0.416043 2.893609 -0.067914
v 0.426854 2.893609 0.041853
v 0.416043 2.893609 0.151620
v 0.384025 2.893609 0.257169
v 0.332031 2.893609 0.354443
v 0.262059 2.893609 0.439705
v 0.176797 2.893609 0.509677
v 0.079523 2.893609 0.561671
v -0.026026 2.893609 0.593689
v -0.135793 2.893609 0.604500
v -0.245560 2.893609 0.593689
v -0.351109 2.893609 0.561671
v -0.448383 2.893609 0.509677
v -0.533645 2.893609 0.439705
v -0.603617 2.893609 0.354443
v -0.655612 2.893609 0.257169
v -0.687630 2.893609 0.151620
v -0.698441 2.893609 0.041853
v -0.687630 2.893609 -0.067914
v -0.655612 2.893609 -0.173463
v -0.603617 2.893609 -0.270737
v -0.533645 2.893609 -0.355999
v -0.448383 2.893609 -0.425971
v -0.351109 2.893609 -0.477965
v -0.245560 2.893609 -0.509983
v 0.010621 2.921392 -0.694223
v -0.135793 2.921392 -0.708644
v 0.151409 2.921392 -0.651516
v 0.281160 2.921392 -0.582162
v 0.394888 2.921392 -0.488828
v 0.488222 2.921392 -0.375101
v 0.557575 2.921392 -0.245350
v 0.600283 2.921392 -0.104562
v 0.614704 2.921392 0.041853
v 0.600283 2.921392 0.188268
v 0.557575 2.921392 0.329056
v 0.488222 2.921392 0.458807
v 0.394888 2.921392 0.572535
v 0.281160 2.921392 0.665868
v 0.151409 2.921392 0.735222
v 0.010621 2.921392 0.777929
v -0.135793 2.921392 0.792350
v -0.282208 2.921392 0.777929
v -0.422996 2.921392 0.735222
v -0.552747 2.921392 0.665868
v -0.666475 2.921392 0.572535
v -0.759809 2.921392 0.458807
v -0.829162 2.921392 0.329056
v -0.871870 2.921392 0.188268
v -0.886290 2.921392 0.041853
v -0.871870 2.921392 -0.104562
v -0.829162 2.921392 -0.245350
v -0.759809 2.921392 -0.375101
v -0.666475 2.921392 -0.488828
v -0.552747 2.921392 -0.582162
v -0.422996 2.921392 -0.651516
v -0.282208 2.921392 -0.694223
v 0.010621 2.921392 -0.694223
v -0.135793 2.921392 -0.708644
v 0.151409 2.921392 -0.651516
v 0.281160 2.921392 -0.582162
v 0.394888 2.921392 -0.488828
v 0.488222 2.921392 -0.375101
v 0.557575 2.921392 -0.245350
v 0.600283 2.921392 -0.104562
v 0.614704 2.921392 0.041853
v 0.600283 2.921392 0.188268
v 0.557575 2.921392 0.329056
v 0.488222 2.921392 0.458807
v 0.394888 2.921392 0.572535
v 0.281160 2.921392 0.665868
v 0.151409 2.921392 0.735222
v 0.010621 2.921392 0.777929
v -0.135793 2.921392 0.792350
v -0.282208 2.921392 0.777929
v -0.422996 2.921392 0.735222
v -0.552747 2.921392 0.665868
v -0.666475 2.921392 0.572535
v -0.759809 2.921392 0.458807
v -0.829162 2.921392 0.329056
v -0.871870 2.921392 0.188268
v -0.886290 2.921392 0.041853
v -0.871870 2.921392 -0.104562
v -0.829162 2.921392 -0.245350
v -0.759809 2.921392 -0.375101
v -0.666475 2.921392 -0.488828
v -0.552747 2.921392 -0.582162
v -0.422996 2.921392 -0.651516
v -0.282208 2.921392 -0.694223
v 0.010621 2.956955 -0.694223
v -0.135793 2.956955 -0.708644
v 0.151410 2.956955 -0.651516
v 0.281160 2.956955 -0.582162
v 0.394888 2.956955 -0.488828
v 0.488222 2.956955 -0.375101
v 0.557575 2.956955 -0.245350
v 0.600283 2.956955 -0.104562
v 0.614704 2.956955 0.041853
v 0.600283 2.956955 0.188268
v 0.557575 2.956955 0.329056
v 0.488222 2.956955 0.458807
v 0.394888 2.956955 0.572535
v 0.281160 2.956955 0.665868
v 0.151410 2.956955 0.735222
v 0.010621 2.956955 0.777929
v -0.135793 2.956955 0.792350
v -0.282208 2.956955 0.777929
v -0.422996 2.956955 0.735222
v -0.552747 2.956955 0.665868
v -0.666475 2.956955 0.572535
v -0.759809 2.956955 0.458807
v -0.829162 2.956955 0.329056
v -0.871870 2.956955 0.188268
v -0.886290 2.956955 0.041853
v -0.871870 2.956955 -0.104562
v -0.829162 2.956955 -0.245350
v -0.759809 2.956955 -0.375101
v -0.666475 2.956955 -0.488828
v -0.552747 2.956955 -0.582162
v -0.422996 2.956955 -0.651516
v -0.282208 2.956955 -0.694223
v -0.025821 2.969244 -0.511017
v -0.135793 2.969244 -0.521848
v 0.079926 2.969244 -0.478939
v 0.177382 2.969244 -0.426847
v 0.262804 2.969244 -0.356744
v 0.332907 2.969244 -0.271323
v 0.384999 2.969244 -0.173866
v 0.417077 2.969244 -0.068120
v 0.427908 2.969244 0.041853
v 0.417077 2.969244 0.151826
v 0.384999 2.969244 0.257572
v 0.332907 2.969244 0.355029
v 0.262804 2.969244 0.440450
v 0.177382 2.969244 0.510553
v 0.079926 2.969244 0.562645
v -0.025821 2.969244 0.594723
v -0.135793 2.969244 0.605554
v -0.245766 2.969244 0.594723
v -0.351512 2.969244 0.562645
v -0.448969 2.969244 0.510553
v -0.534390 2.969244 0.440450
v -0.604494 2.969244 0.355029
v -0.656585 2.969244 0.257572
v -0.688663 2.969244 0.151826
v -0.699495 2.969244 0.041853
v -0.688663 2.969244 -0.068120
v -0.656585 2.969244 -0.173866
v -0.604494 2.969244 -0.271323
v -0.534390 2.969244 -0.356744
v -0.448969 2.969244 -0.426847
v -0.351512 2.969244 -0.478939
v -0.245766 2.969244 -0.511017
v -0.032045 2.999312 -0.479723
v -0.135793 2.999312 -0.489942
v 0.067716 2.999312 -0.449461
v 0.159656 2.999312 -0.400318
v 0.240242 2.999312 -0.334183
v 0.306378 2.999312 -0.253596
v 0.355521 2.999312 -0.161656
v 0.385783 2.999312 -0.061895
v 0.396001 2.999312 0.041853
v 0.385783 2.999312 0.145601
v 0.355521 2.999312 0.245362
v 0.306378 2.999312 0.337302
v 0.240242 2.999312 0.417889
v 0.159656 2.999312 0.484024
v 0.067716 2.999312 0.533167
v -0.032045 2.999312 0.563430
v -0.135793 2.999312 0.573648
v -0.239541 2.999312 0.563430
v -0.339302 2.999312 0.533167
v -0.431243 2.999312 0.484024
v -0.511829 2.999312 0.417889
v -0.577965 2.999312 0.337302
v -0.627108 2.999312 0.245362
v -0.657370 2.999312 0.145601
v -0.667588 2.999312 0.041853
v -0.657370 2.999312 -0.061895
v -0.627108 2.999312 -0.161656
v -0.577965 2.999312 -0.253596
v -0.511829 2.999312 -0.334183
v -0.431243 2.999312 -0.400318
v -0.339302 2.999312 -0.449461
v -0.239541 2.999312 -0.479723
v -0.031464 3.038219 -0.482646
v -0.135793 3.038219 -0.492922
v 0.068856 3.038219 -0.452214
v 0.161312 3.038219 -0.402796
v 0.242349 3.038219 -0.336290
v 0.308855 3.038219 -0.255252
v 0.358274 3.038219 -0.162796
v 0.388706 3.038219 -0.062476
v 0.398981 3.038219 0.041853
v 0.388706 3.038219 0.146182
v 0.358274 3.038219 0.246502
v 0.308855 3.038219 0.338958
v 0.242349 3.038219 0.419996
v 0.161312 3.038219 0.486502
v 0.068856 3.038219 0.535920
v -0.031464 3.038219 0.566352
v -0.135793 3.038219 0.576628
v -0.240123 3.038219 0.566352
v -0.340443 3.038219 0.535920
v -0.432898 3.038219 0.486502
v -0.513936 3.038219 0.419996
v -0.580442 3.038219 0.338958
v -0.629861 3.038219 0.246502
v -0.660292 3.038219 0.146182
v -0.670568 3.038219 0.041853
v -0.660292 3.038219 -0.062476
v -0.629861 3.038219 -0.162796
v -0.580442 3.038219 -0.255252
v -0.513936 3.038219 -0.336290
v -0.432898 3.038219 -0.402796
v -0.340443 3.038219 -0.452214
v -0.240123 3.038219 -0.482646
v -0.027171 3.040325 -0.504230
v -0.135793 3.040325 -0.514928
v 0.077278 3.040325 -0.472546
v 0.173538 3.040325 -0.421094
v 0.257911 3.040325 -0.351851
v 0.327154 3.040325 -0.267478
v 0.378606 3.040325 -0.171218
v 0.410290 3.040325 -0.066770
v 0.420988 3.040325 0.041853
v 0.410290 3.040325 0.150476
v 0.378606 3.040325 0.254924
v 0.327154 3.040325 0.351184
v 0.257911 3.040325 0.435557
v 0.173538 3.040325 0.504800
v 0.077278 3.040325 0.556252
v -0.027171 3.040325 0.587936
v -0.135793 3.040325 0.598634
v -0.244416 3.040325 0.587936
v -0.348864 3.040325 0.556252
v -0.445125 3.040325 0.504800
v -0.529497 3.040325 0.435557
v -0.598740 3.040325 0.351184
v -0.650192 3.040325 0.254924
v -0.681876 3.040325 0.150476
v -0.692575 3.040325 0.041853
v -0.681876 3.040325 -0.066770
v -0.650192 3.040325 -0.171218
v -0.598740 3.040325 -0.267478
v -0.529497 3.040325 -0.351851
v -0.445125 3.040325 -0.421094
v -0.348864 3.040325 -0.472546
v -0.244416 3.040325 -0.504230
v -0.057327 3.036139 -0.352626
v -0.052093 3.293628 -0.378939
v -0.135793 3.293628 -0.387182
v -0.135793 3.036139 -0.360354
v 0.018125 3.036139 -0.329738
v 0.028391 3.293628 -0.354524
v 0.087661 3.036139 -0.292570
v 0.102566 3.293628 -0.314877
v 0.148610 3.036139 -0.242550
v 0.167580 3.293628 -0.261521
v 0.198629 3.036139 -0.181601
v 0.220937 3.293628 -0.196506
v 0.235797 3.036139 -0.112065
v 0.260584 3.293628 -0.122332
v 0.258685 3.036139 -0.036614
v 0.284998 3.293628 -0.041848
v 0.266413 3.036139 0.041853
v 0.293242 3.293628 0.041853
v 0.258685 3.036139 0.120320
v 0.284998 3.293628 0.125554
v 0.235797 3.036139 0.195771
v 0.260584 3.293628 0.206038
v 0.198629 3.036139 0.265307
v 0.220937 3.293628 0.280212
v 0.148610 3.036139 0.326256
v 0.167580 3.293628 0.345227
v 0.087661 3.036139 0.376276
v 0.102566 3.293628 0.398583
v 0.018125 3.036139 0.413444
v 0.028391 3.293628 0.438230
v -0.057327 3.036139 0.436332
v -0.052093 3.293628 0.462645
v -0.135793 3.036139 0.444060
v -0.135793 3.293628 0.470888
v -0.214260 3.036139 0.436332
v -0.219494 3.293628 0.462645
v -0.289711 3.036139 0.413444
v -0.299978 3.293628 0.438230
v -0.359247 3.036139 0.376276
v -0.374153 3.293628 0.398583
v -0.420197 3.036139 0.326256
v -0.439167 3.293628 0.345227
v -0.470216 3.036139 0.265307
v -0.492523 3.293628 0.280212
v -0.507384 3.036139 0.195771
v -0.532170 3.293628 0.206038
v -0.530272 3.036139 0.120320
v -0.556585 3.293628 0.125554
v -0.538000 3.036139 0.041853
v -0.564829 3.293628 0.041853
v -0.530272 3.036139 -0.036614
v -0.556585 3.293628 -0.041848
v -0.507384 3.036139 -0.112065
v -0.532170 3.293628 -0.122332
v -0.470216 3.036139 -0.181601
v -0.492523 3.293628 -0.196506
v -0.420196 3.036139 -0.242550
v -0.439167 3.293628 -0.261521
v -0.359248 3.036139 -0.292570
v -0.374153 3.293628 -0.314877
v -0.289711 3.036139 -0.329738
v -0.299978 3.293628 -0.354524
v -0.214260 3.036139 -0.352626
v -0.219494 3.293628 -0.378939
v 0.012250 2.732964 -0.702410
v 0.017116 2.699528 -0.726875
v -0.135793 2.699528 -0.741936
v -0.135793 2.732964 -0.716991
v 0.154604 2.732964 -0.659227
v 0.164150 2.699528 -0.682273
v 0.285798 2.732964 -0.589102
v 0.299656 2.699528 -0.609843
v 0.400790 2.732964 -0.494731
v 0.418429 2.699528 -0.512369
v 0.495162 2.732964 -0.379738
v 0.515903 2.699528 -0.393597
v 0.565287 2.732964 -0.248544
v 0.588333 2.699528 -0.258090
v 0.608469 2.732964 -0.106190
v 0.632935 2.699528 -0.111057
v 0.623050 2.732964 0.041853
v 0.647995 2.699528 0.041853
v 0.608469 2.732964 0.189896
v 0.632935 2.699528 0.194763
v 0.565287 2.732964 0.332250
v 0.588333 2.699528 0.341796
v 0.495162 2.732964 0.463444
v 0.515903 2.699528 0.477303
v 0.400790 2.732964 0.578437
v 0.418429 2.699528 0.596075
v 0.285798 2.732964 0.672809
v 0.299656 2.699528 0.693550
v 0.154604 2.732964 0.742933
v 0.164150 2.699528 0.765979
v 0.012250 2.732964 0.786116
v 0.017116 2.699528 0.810581
v -0.135793 2.732964 0.800697
v -0.135793 2.699528 0.825642
v -0.283836 2.732964 0.786116
v -0.288703 2.699528 0.810581
v -0.426190 2.732964 0.742933
v -0.435736 2.699528 0.765979
v -0.557384 2.732964 0.672809
v -0.571243 2.699528 0.693550
v -0.672377 2.732964 0.578437
v -0.690016 2.699528 0.596075
v -0.766749 2.732964 0.463444
v -0.787490 2.699528 0.477303
v -0.836874 2.732964 0.332250
v -0.859920 2.699528 0.341796
v -0.880056 2.732964 0.189896
v -0.904522 2.699528 0.194763
v -0.894637 2.732964 0.041853
v -0.919582 2.699528 0.041853
v -0.880056 2.732964 -0.106190
v -0.904522 2.699528 -0.111057
v -0.836874 2.732964 -0.248544
v -0.859920 2.699528 -0.258090
v -0.766749 2.732964 -0.379738
v -0.787490 2.699528 -0.393597
v -0.672377 2.732964 -0.494731
v -0.690016 2.699528 -0.512369
v -0.557384 2.732964 -0.589102
v -0.571243 2.699528 -0.609843
v -0.426190 2.732964 -0.659227
v -0.435736 2.699528 -0.682273
v -0.283836 2.732964 -0.702410
v -0.288703 2.699528 -0.726875
v -0.135771 0.014537 -0.533890
v -0.023460 0.014537 -0.522828
v 0.084536 0.014537 -0.490068
v 0.184065 0.014537 -0.436869
v 0.271302 0.014537 -0.365275
v 0.342897 0.014537 -0.278037
v 0.396096 0.014537 -0.178508
v 0.428856 0.014537 -0.070512
v 0.439918 0.014537 0.041799
v 0.428856 0.014537 0.154110
v 0.396096 0.013595 0.262105
v 0.342897 0.013595 0.361634
v 0.271302 0.013595 0.448872
v 0.184065 0.013595 0.520466
v 0.084536 0.013595 0.573666
v -0.023460 0.013595 0.606426
v -0.135771 0.013595 0.617487
v -0.248082 0.013595 0.606426
v -0.356077 0.013595 0.573666
v -0.455606 0.013595 0.520466
v -0.542844 0.013595 0.448872
v -0.614438 0.013595 0.361634
v -0.667638 0.013595 0.262105
v -0.700398 0.013595 0.154110
v -0.711459 0.013595 0.041799
v -0.700398 0.013595 -0.070512
v -0.667638 0.013595 -0.178508
v -0.614438 0.014537 -0.278037
v -0.542844 0.014537 -0.365275
v -0.455606 0.014537 -0.436869
v -0.356077 0.014537 -0.490068
v -0.248082 0.014537 -0.522828
v -0.135769 0.010346 -0.533894
v -0.023458 0.010346 -0.522832
v 0.084537 0.010346 -0.490072
v 0.184066 0.010346 -0.436873
v 0.271304 0.010346 -0.365279
v 0.342898 0.010346 -0.278041
v 0.396098 0.010346 -0.178512
v 0.428858 0.010346 -0.070517
v 0.439919 0.010346 0.041795
v 0.428858 0.010346 0.154106
v 0.396098 0.009404 0.262101
v 0.342898 0.009404 0.361630
v 0.271304 0.009404 0.448868
v 0.184066 0.009404 0.520462
v 0.084537 0.009404 0.573662
v -0.023458 0.009404 0.606422
v -0.135769 0.009404 0.617483
v -0.248080 0.009404 0.606422
v -0.356076 0.009404 0.573662
v -0.455605 0.009404 0.520462
v -0.542842 0.009404 0.448868
v -0.614437 0.009404 0.361630
v -0.667636 0.009404 0.262101
v -0.700396 0.009404 0.154106
v -0.711458 0.009404 0.041795
v -0.700396 0.009404 -0.070517
v -0.667636 0.009404 -0.178512
v -0.614437 0.010346 -0.278041
v -0.542842 0.010346 -0.365279
v -0.455605 0.010346 -0.436873
v -0.356076 0.010346 -0.490072
v -0.248080 0.010346 -0.522832
v -0.135804 0.098339 -0.174509
v -0.093589 0.098339 -0.170351
v -0.052996 0.098339 -0.158037
v -0.015585 0.098339 -0.138041
v 0.017205 0.098339 -0.111130
v 0.044116 0.098339 -0.078339
v 0.064112 0.098339 -0.040929
v 0.076426 0.098339 -0.000336
v 0.080584 0.098339 0.041880
v 0.076426 0.098339 0.084095
v 0.064112 0.097985 0.124688
v 0.044116 0.097985 0.162098
v 0.017205 0.097985 0.194889
v -0.015585 0.097985 0.221800
v -0.052996 0.097985 0.241796
v -0.093589 0.097985 0.254110
v -0.135804 0.097985 0.258268
v -0.178019 0.097985 0.254110
v -0.218612 0.097985 0.241796
v -0.256023 0.097985 0.221800
v -0.288814 0.097985 0.194889
v -0.315724 0.097985 0.162098
v -0.335721 0.097985 0.124688
v -0.348035 0.097985 0.084095
v -0.352192 0.097985 0.041880
v -0.348035 0.097985 -0.000336
v -0.335721 0.097985 -0.040929
v -0.315724 0.098339 -0.078339
v -0.288814 0.098339 -0.111130
v -0.256023 0.098339 -0.138041
v -0.218612 0.098339 -0.158037
v -0.178019 0.098339 -0.170351
v -0.027088 3.112459 -0.504644
v -0.135793 3.112459 -0.515351
v 0.077439 3.112459 -0.472936
v 0.173773 3.112459 -0.421445
v 0.258209 3.112459 -0.352150
v 0.327505 3.112459 -0.267713
v 0.378996 3.112459 -0.171380
v 0.410704 3.112459 -0.066852
v 0.421410 3.112459 0.041853
v 0.410704 3.112459 0.150558
v 0.378996 3.112459 0.255086
v 0.327505 3.112459 0.351419
v 0.258209 3.112459 0.435856
v 0.173773 3.112459 0.505151
v 0.077439 3.112459 0.556642
v -0.027088 3.112459 0.588350
v -0.135793 3.112459 0.599057
v -0.244498 3.112459 0.588350
v -0.349026 3.112459 0.556642
v -0.445359 3.112459 0.505151
v -0.529796 3.112459 0.435856
v -0.599092 3.112459 0.351419
v -0.650583 3.112459 0.255086
v -0.682291 3.112459 0.150558
v -0.692997 3.112459 0.041853
v -0.682291 3.112459 -0.066852
v -0.650583 3.112459 -0.171380
v -0.599092 3.112459 -0.267713
v -0.529796 3.112459 -0.352150
v -0.445359 3.112459 -0.421445
v -0.349026 3.112459 -0.472936
v -0.244498 3.112459 -0.504644
v -0.026581 3.327596 -0.507193
v -0.135793 3.327596 -0.517949
v 0.078434 3.327596 -0.475337
v 0.175216 3.327596 -0.423606
v 0.260047 3.327596 -0.353987
v 0.329665 3.327596 -0.269157
v 0.381397 3.327596 -0.172374
v 0.413253 3.327596 -0.067359
v 0.424009 3.327596 0.041853
v 0.413253 3.327596 0.151065
v 0.381397 3.327596 0.256080
v 0.329665 3.327596 0.352863
v 0.260047 3.327596 0.437693
v 0.175216 3.327596 0.507312
v 0.078434 3.327596 0.559043
v -0.026581 3.327596 0.590899
v -0.135793 3.327596 0.601655
v -0.245005 3.327596 0.590899
v -0.350020 3.327596 0.559043
v -0.446803 3.327596 0.507312
v -0.531633 3.327596 0.437693
v -0.601252 3.327596 0.352863
v -0.652983 3.327596 0.256080
v -0.684839 3.327596 0.151065
v -0.695596 3.327596 0.041853
v -0.684839 3.327596 -0.067359
v -0.652983 3.327596 -0.172374
v -0.601252 3.327596 -0.269157
v -0.531633 3.327596 -0.353987
v -0.446803 3.327596 -0.423606
v -0.350020 3.327596 -0.475337
v -0.245005 3.327596 -0.507193
v -0.473648 3.093269 0.379708
v -0.528471 3.073040 0.434531
v -0.401244 3.093269 0.439128
v -0.444318 3.073040 0.503593
v -0.318639 3.093269 0.483281
v -0.348309 3.073040 0.554911
v -0.229007 3.093269 0.510470
v -0.244133 3.073040 0.586513
v -0.135793 3.093269 0.519651
v -0.135793 3.073040 0.597183
v -0.042580 3.093269 0.510470
v -0.027454 3.073040 0.586513
v 0.047052 3.093269 0.483281
v 0.076722 3.073040 0.554911
v 0.129657 3.093269 0.439128
v 0.172732 3.073040 0.503593
v 0.202061 3.093269 0.379708
v 0.256885 3.073040 0.434531
v 0.261481 3.093269 0.307304
v 0.325947 3.073040 0.350378
v 0.305635 3.093269 0.224699
v 0.377265 3.073040 0.254369
v 0.332824 3.093269 0.135067
v 0.408866 3.073040 0.150193
v 0.419537 3.073040 0.041853
v 0.342005 3.093269 0.041853
v -0.533068 3.093269 0.307304
v -0.597534 3.073040 0.350378
v -0.577221 3.093269 0.224699
v -0.648852 3.073040 0.254369
v -0.604411 3.093269 0.135067
v -0.680453 3.073040 0.150193
v -0.613592 3.093269 0.041853
v -0.691124 3.073040 0.041853
v -0.604411 3.093269 -0.051361
v -0.680453 3.073040 -0.066487
v -0.577221 3.093269 -0.140992
v -0.648852 3.073040 -0.170663
v -0.533068 3.093269 -0.223597
v -0.597534 3.073040 -0.266672
v -0.135793 3.073040 -0.513477
v -0.135793 3.093269 -0.435945
v -0.042580 3.093269 -0.426764
v -0.027454 3.073040 -0.502807
v -0.473648 3.093269 -0.296001
v -0.528471 3.073040 -0.350825
v 0.047052 3.093269 -0.399575
v 0.076722 3.073040 -0.471205
v -0.401244 3.093269 -0.355422
v -0.444318 3.073040 -0.419887
v 0.129657 3.093269 -0.355422
v 0.172732 3.073040 -0.419887
v -0.318639 3.093269 -0.399575
v -0.348309 3.073040 -0.471205
v 0.202061 3.093269 -0.296001
v 0.256885 3.073040 -0.350825
v -0.229007 3.093269 -0.426764
v -0.244133 3.073040 -0.502807
v 0.261481 3.093269 -0.223597
v 0.325947 3.073040 -0.266672
v 0.305635 3.093269 -0.140992
v 0.377265 3.073040 -0.170663
v 0.332824 3.093269 -0.051361
v 0.408866 3.073040 -0.066487
v -0.027031 3.283801 -0.504931
v -0.027536 3.254189 -0.502393
v -0.135793 3.254189 -0.513055
v -0.135793 3.283801 -0.515643
v 0.077551 3.283801 -0.473206
v 0.076561 3.254189 -0.470815
v -0.244051 3.254189 -0.502393
v -0.244555 3.283801 -0.504931
v 0.173935 3.283801 -0.421688
v 0.172497 3.254189 -0.419536
v 0.258416 3.283801 -0.352356
v 0.256586 3.254189 -0.350526
v 0.327748 3.283801 -0.267875
v 0.325596 3.254189 -0.266437
v 0.379266 3.283801 -0.171492
v 0.376875 3.254189 -0.170501
v 0.410991 3.283801 -0.066909
v 0.408453 3.254189 -0.066404
v 0.421703 3.283801 0.041853
v 0.419115 3.254189 0.041853
v 0.410991 3.283801 0.150615
v 0.408453 3.254189 0.150110
v 0.379266 3.283801 0.255198
v 0.376875 3.254189 0.254207
v 0.327748 3.283801 0.351581
v 0.325596 3.254189 0.350144
v 0.258416 3.283801 0.436063
v 0.256586 3.254189 0.434233
v 0.173935 3.283801 0.505394
v 0.172497 3.254189 0.503242
v 0.077551 3.283801 0.556912
v 0.076561 3.254189 0.554522
v -0.027031 3.283801 0.588637
v -0.027536 3.254189 0.586099
v -0.135793 3.283801 0.599349
v -0.135793 3.254189 0.596761
v -0.244555 3.283801 0.588637
v -0.244051 3.254189 0.586099
v -0.349138 3.283801 0.556912
v -0.348148 3.254189 0.554522
v -0.445522 3.283801 0.505394
v -0.444084 3.254189 0.503242
v -0.530003 3.283801 0.436063
v -0.528173 3.254189 0.434233
v -0.599335 3.283801 0.351581
v -0.597183 3.254189 0.350144
v -0.650853 3.283801 0.255198
v -0.648462 3.254189 0.254207
v -0.682577 3.283801 0.150615
v -0.680039 3.254189 0.150110
v -0.693290 3.283801 0.041853
v -0.690702 3.254189 0.041853
v -0.682577 3.283801 -0.066909
v -0.680039 3.254189 -0.066404
v -0.650853 3.283801 -0.171492
v -0.648462 3.254189 -0.170501
v -0.599335 3.283801 -0.267875
v -0.597183 3.254189 -0.266437
v -0.530003 3.283801 -0.352356
v -0.528173 3.254189 -0.350526
v -0.445522 3.283801 -0.421688
v -0.444084 3.254189 -0.419536
v -0.349138 3.283801 -0.473206
v -0.348148 3.254189 -0.470815
vn 0.0980 -0.0000 -0.9952
vn 0.2903 -0.0000 -0.9569
vn 0.4714 -0.0000 -0.8819
vn 0.6344 -0.0000 -0.7730
vn 0.7730 -0.0000 -0.6344
vn 0.8819 -0.0000 -0.4714
vn 0.9569 -0.0000 -0.2903
vn 0.9952 -0.0000 -0.0980
vn 0.9952 -0.0000 0.0980
vn 0.9569 -0.0000 0.2903
vn 0.8819 -0.0000 0.4714
vn 0.7730 -0.0000 0.6344
vn 0.6344 -0.0000 0.7730
vn 0.4714 -0.0000 0.8819
vn 0.2903 -0.0000 0.9569
vn 0.0980 -0.0000 0.9952
vn -0.0980 -0.0000 0.9952
vn -0.2903 -0.0000 0.9569
vn -0.4714 -0.0000 0.8819
vn -0.6344 -0.0000 0.7730
vn -0.7730 -0.0000 0.6344
vn -0.8819 -0.0000 0.4714
vn -0.9569 -0.0000 0.2903
vn -0.9952 -0.0000 0.0980
vn -0.9952 -0.0000 -0.0980
vn -0.9569 -0.0000 -0.2903
vn -0.8819 -0.0000 -0.4714
vn -0.7730 -0.0000 -0.6344
vn -0.6344 -0.0000 -0.7730
vn -0.4714 -0.0000 -0.8819
vn -0.4675 0.8725 0.1418
vn -0.2903 -0.0000 -0.9569
vn -0.0980 -0.0000 -0.9952
vn 0.0726 -0.9682 -0.2392
vn 0.0479 0.8725 -0.4862
vn -0.0479 0.8725 -0.4862
vn 0.4675 0.8725 0.1418
vn -0.2303 0.8725 0.4309
vn -0.3777 0.8725 -0.3100
vn 0.4309 0.8725 -0.2303
vn 0.1418 0.8725 0.4675
vn -0.4862 0.8725 0.0479
vn 0.1418 0.8725 -0.4675
vn 0.4309 0.8725 0.2303
vn -0.3100 0.8725 0.3777
vn -0.3100 0.8725 -0.3777
vn 0.4675 0.8725 -0.1418
vn 0.0479 0.8725 0.4862
vn -0.4862 0.8725 -0.0479
vn 0.2303 0.8725 -0.4309
vn 0.3777 0.8725 0.3100
vn -0.3777 0.8725 0.3100
vn -0.2303 0.8725 -0.4309
vn 0.4862 0.8725 -0.0479
vn -0.0479 0.8725 0.4862
vn -0.4675 0.8725 -0.1418
vn 0.3100 0.8725 -0.3777
vn 0.3100 0.8725 0.3777
vn -0.4309 0.8725 0.2303
vn -0.1418 0.8725 -0.4675
vn 0.4862 0.8725 0.0479
vn -0.1418 0.8725 0.4675
vn -0.4309 0.8725 -0.2303
vn 0.3777 0.8725 -0.3100
vn 0.2303 0.8725 0.4309
vn 0.4136 -0.4799 -0.7737
vn -0.0000 1.0000 -0.0000
vn -0.4136 -0.4799 -0.7737
vn -0.0860 -0.4799 0.8731
vn 0.5566 -0.4799 -0.6782
vn -0.2547 -0.4799 -0.8395
vn -0.2547 -0.4799 0.8395
vn 0.6782 -0.4799 -0.5566
vn -0.0860 -0.4799 -0.8731
vn -0.4136 -0.4799 0.7737
vn 0.7737 -0.4799 -0.4136
vn -0.5566 -0.4799 0.6782
vn 0.8395 -0.4799 -0.2547
vn -0.6782 -0.4799 0.5566
vn 0.8731 -0.4799 -0.0860
vn -0.7737 -0.4799 0.4136
vn 0.8731 -0.4799 0.0860
vn -0.8395 -0.4799 0.2547
vn 0.8395 -0.4799 0.2547
vn -0.8731 -0.4799 0.0860
vn 0.7737 -0.4799 0.4136
vn -0.8731 -0.4799 -0.0860
vn 0.6782 -0.4799 0.5566
vn -0.8395 -0.4799 -0.2547
vn 0.5566 -0.4799 0.6782
vn -0.7737 -0.4799 -0.4136
vn 0.4136 -0.4799 0.7737
vn 0.0860 -0.4799 -0.8731
vn -0.6782 -0.4799 -0.5566
vn 0.2547 -0.4799 0.8395
vn 0.2547 -0.4799 -0.8395
vn -0.5566 -0.4799 -0.6782
vn 0.0860 -0.4799 0.8731
vn -0.1407 -0.9891 0.0427
vn 0.1407 -0.9891 0.0427
vn -0.1463 -0.9891 0.0144
vn 0.1296 -0.9891 0.0693
vn -0.1463 -0.9891 -0.0144
vn 0.1136 -0.9891 0.0933
vn -0.1407 -0.9891 -0.0427
vn 0.0933 -0.9891 0.1136
vn -0.1296 -0.9891 -0.0693
vn 0.0693 -0.9891 0.1296
vn 0.0144 -0.9891 -0.1463
vn -0.1136 -0.9891 -0.0933
vn 0.0427 -0.9891 0.1407
vn 0.0427 -0.9891 -0.1407
vn -0.0933 -0.9891 -0.1136
vn 0.0144 -0.9891 0.1463
vn 0.0693 -0.9891 -0.1296
vn -0.0693 -0.9891 -0.1296
vn -0.0144 -0.9891 0.1463
vn 0.0933 -0.9891 -0.1136
vn -0.0427 -0.9891 -0.1407
vn -0.0427 -0.9891 0.1407
vn 0.1136 -0.9891 -0.0933
vn -0.0144 -0.9891 -0.1463
vn -0.0693 -0.9891 0.1296
vn 0.1296 -0.9891 -0.0693
vn -0.0933 -0.9891 0.1136
vn 0.1407 -0.9891 -0.0427
vn -0.1136 -0.9891 0.0933
vn 0.1463 -0.9891 -0.0144
vn -0.1296 -0.9891 0.0693
vn 0.1463 -0.9891 0.0144
vn 0.0582 0.9978 -0.0311
vn 0.6843 0.7261 0.0674
vn -0.0418 0.9978 0.0510
vn 0.0631 0.9978 -0.0191
vn -0.0510 0.9978 0.0418
vn 0.0656 0.9978 -0.0065
vn -0.0582 0.9978 0.0311
vn 0.0656 0.9978 0.0065
vn -0.0631 0.9978 0.0191
vn 0.0631 0.9978 0.0191
vn -0.0656 0.9978 0.0065
vn 0.0582 0.9978 0.0311
vn -0.0656 0.9978 -0.0065
vn 0.0510 0.9978 0.0418
vn -0.0631 0.9978 -0.0191
vn 0.0418 0.9978 0.0510
vn -0.0582 0.9978 -0.0311
vn 0.0311 0.9978 0.0582
vn 0.0065 0.9978 -0.0656
vn -0.0510 0.9978 -0.0418
vn 0.0191 0.9978 0.0631
vn 0.0191 0.9978 -0.0631
vn -0.0418 0.9978 -0.0510
vn 0.0065 0.9978 0.0656
vn 0.0311 0.9978 -0.0582
vn -0.0311 0.9978 -0.0582
vn -0.0065 0.9978 0.0656
vn 0.0418 0.9978 -0.0510
vn -0.0191 0.9978 -0.0631
vn -0.0191 0.9978 0.0631
vn 0.0510 0.9978 -0.0418
vn -0.0065 0.9978 -0.0656
vn -0.0311 0.9978 0.0582
vn 0.7708 -0.0760 0.6326
vn -0.6580 0.7261 0.1996
vn 0.6580 0.7261 0.1996
vn -0.6843 0.7261 0.0674
vn 0.6064 0.7261 0.3241
vn -0.6843 0.7261 -0.0674
vn 0.5315 0.7261 0.4362
vn -0.6580 0.7261 -0.1996
vn 0.4362 0.7261 0.5315
vn -0.6064 0.7261 -0.3241
vn 0.3241 0.7261 0.6064
vn 0.0674 0.7261 -0.6843
vn -0.5315 0.7261 -0.4362
vn 0.1996 0.7261 0.6580
vn 0.1996 0.7261 -0.6580
vn -0.4362 0.7261 -0.5315
vn 0.0674 0.7261 0.6843
vn 0.3241 0.7261 -0.6064
vn -0.3241 0.7261 -0.6064
vn -0.0674 0.7261 0.6843
vn 0.4362 0.7261 -0.5315
vn -0.1996 0.7261 -0.6580
vn -0.1996 0.7261 0.6580
vn 0.5315 0.7261 -0.4362
vn -0.0674 0.7261 -0.6843
vn -0.3241 0.7261 0.6064
vn 0.6064 0.7261 -0.3241
vn -0.4362 0.7261 0.5315
vn 0.6580 0.7261 -0.1996
vn -0.5315 0.7261 0.4362
vn 0.6843 0.7261 -0.0674
vn -0.6064 0.7261 0.3241
vn 0.0278 -0.9954 0.0916
vn -0.9542 -0.0760 -0.2894
vn 0.6326 -0.0760 0.7708
vn -0.8794 -0.0760 -0.4700
vn 0.4700 -0.0760 0.8794
vn 0.0977 -0.0760 -0.9923
vn -0.7708 -0.0760 -0.6326
vn 0.2894 -0.0760 0.9542
vn 0.2894 -0.0760 -0.9542
vn -0.6326 -0.0760 -0.7708
vn 0.0977 -0.0760 0.9923
vn 0.4700 -0.0760 -0.8794
vn -0.4700 -0.0760 -0.8794
vn -0.0977 -0.0760 0.9923
vn 0.6326 -0.0760 -0.7708
vn -0.2894 -0.0760 -0.9542
vn -0.2894 -0.0760 0.9542
vn 0.7708 -0.0760 -0.6326
vn -0.0977 -0.0760 -0.9923
vn -0.4700 -0.0760 0.8794
vn 0.8794 -0.0760 -0.4700
vn -0.6326 -0.0760 0.7708
vn 0.9542 -0.0760 -0.2894
vn -0.7708 -0.0760 0.6326
vn 0.9923 -0.0760 -0.0977
vn -0.8794 -0.0760 0.4700
vn 0.9923 -0.0760 0.0977
vn -0.9542 -0.0760 0.2894
vn 0.9542 -0.0760 0.2894
vn -0.9923 -0.0760 0.0977
vn 0.8794 -0.0760 0.4700
vn -0.9923 -0.0760 -0.0977
vn 0.0278 -0.9954 -0.0916
vn -0.0607 -0.9954 -0.0740
vn 0.0094 -0.9954 0.0952
vn 0.0451 -0.9954 -0.0844
vn -0.0451 -0.9954 -0.0844
vn -0.0094 -0.9954 0.0952
vn 0.0607 -0.9954 -0.0740
vn -0.0278 -0.9954 -0.0916
vn -0.0278 -0.9954 0.0916
vn 0.0740 -0.9954 -0.0607
vn -0.0094 -0.9954 -0.0952
vn -0.0451 -0.9954 0.0844
vn 0.0844 -0.9954 -0.0451
vn -0.0607 -0.9954 0.0740
vn 0.0916 -0.9954 -0.0278
vn -0.0740 -0.9954 0.0607
vn 0.0952 -0.9954 -0.0094
vn -0.0844 -0.9954 0.0451
vn 0.0952 -0.9954 0.0094
vn -0.0916 -0.9954 0.0278
vn 0.0916 -0.9954 0.0278
vn -0.0952 -0.9954 0.0094
vn 0.0844 -0.9954 0.0451
vn -0.0952 -0.9954 -0.0094
vn 0.0740 -0.9954 0.0607
vn -0.0916 -0.9954 -0.0278
vn 0.0607 -0.9954 0.0740
vn -0.0844 -0.9954 -0.0451
vn 0.0451 -0.9954 0.0844
vn 0.0094 -0.9954 -0.0952
vn -0.0740 -0.9954 -0.0607
vn -0.0975 0.1031 0.9899
vn -0.2887 0.1031 0.9518
vn -0.4689 0.1031 0.8772
vn -0.6310 0.1031 0.7689
vn -0.7689 0.1031 0.6310
vn -0.8772 0.1031 0.4689
vn -0.9518 0.1031 0.2887
vn -0.9899 0.1031 0.0975
vn -0.9899 0.1031 -0.0975
vn -0.9518 0.1031 -0.2887
vn -0.8772 0.1031 -0.4689
vn -0.7689 0.1031 -0.6310
vn -0.6310 0.1031 -0.7689
vn -0.4689 0.1031 -0.8772
vn -0.2887 0.1031 -0.9518
vn -0.0975 0.1031 -0.9899
vn 0.0975 0.1031 -0.9899
vn 0.2887 0.1031 -0.9518
vn 0.4689 0.1031 -0.8772
vn 0.6310 0.1031 -0.7689
vn 0.7689 0.1031 -0.6310
vn 0.8772 0.1031 -0.4689
vn 0.9518 0.1031 -0.2887
vn 0.9899 0.1031 -0.0975
vn 0.9899 0.1031 0.0975
vn 0.9518 0.1031 0.2887
vn 0.8772 0.1031 0.4689
vn 0.7689 0.1031 0.6310
vn 0.6310 0.1031 0.7689
vn 0.4689 0.1031 0.8772
vn 0.2887 0.1031 0.9518
vn 0.0975 0.1031 0.9899
vn 0.1191 0.9676 0.2227
vn 0.1952 0.9676 -0.1602
vn -0.2081 -0.9718 0.1112
vn -0.1952 0.9676 -0.1602
vn -0.1824 -0.9718 0.1497
vn -0.1191 0.9676 0.2227
vn -0.1497 -0.9718 0.1824
vn 0.1602 0.9676 0.1952
vn 0.1602 0.9676 -0.1952
vn -0.1112 -0.9718 0.2081
vn -0.2227 0.9676 -0.1191
vn -0.0685 -0.9718 0.2258
vn -0.0733 0.9676 0.2417
vn -0.0231 -0.9718 0.2348
vn 0.1952 0.9676 0.1602
vn 0.1191 0.9676 -0.2227
vn 0.0231 -0.9718 0.2348
vn -0.2417 0.9676 -0.0733
vn 0.0685 -0.9718 0.2258
vn 0.1112 -0.9718 0.2081
vn 0.2227 0.9676 0.1191
vn -0.0248 0.9676 0.2513
vn 0.0733 0.9676 -0.2417
vn 0.1497 -0.9718 0.1824
vn -0.2513 0.9676 -0.0248
vn 0.1824 -0.9718 0.1497
vn 0.2081 -0.9718 0.1112
vn 0.2417 0.9676 0.0733
vn 0.0248 0.9676 -0.2513
vn 0.2258 -0.9718 0.0685
vn -0.2513 0.9676 0.0248
vn 0.2348 -0.9718 0.0231
vn 0.0787 0.5961 -0.7990
vn 0.2331 0.5961 -0.7683
vn 0.3785 0.5961 -0.7081
vn 0.5094 0.5961 -0.6206
vn 0.6206 0.5961 -0.5094
vn 0.7081 0.5961 -0.3785
vn 0.7683 0.5961 -0.2331
vn 0.7990 0.5961 -0.0787
vn 0.7990 0.5961 0.0787
vn 0.7683 0.5961 0.2331
vn 0.7081 0.5961 0.3785
vn 0.6206 0.5961 0.5094
vn 0.5094 0.5961 0.6206
vn 0.3785 0.5961 0.7081
vn 0.2331 0.5961 0.7683
vn 0.0787 0.5961 0.7990
vn -0.0787 0.5961 0.7990
vn -0.2331 0.5961 0.7683
vn -0.3785 0.5961 0.7081
vn -0.5094 0.5961 0.6206
vn -0.6206 0.5961 0.5094
vn -0.7081 0.5961 0.3785
vn -0.7683 0.5961 0.2331
vn -0.7990 0.5961 0.0787
vn -0.7990 0.5961 -0.0787
vn -0.7683 0.5961 -0.2331
vn -0.7081 0.5961 -0.3785
vn -0.6206 0.5961 -0.5094
vn -0.5094 0.5961 -0.6206
vn -0.3785 0.5961 -0.7081
vn -0.2331 0.5961 -0.7683
vn -0.0787 0.5961 -0.7990
vn 0.0284 0.9572 -0.2879
vn 0.0840 0.9572 -0.2768
vn -0.0284 0.9572 -0.2879
vn 0.1364 0.9572 -0.2551
vn 0.1835 0.9572 -0.2236
vn 0.2236 0.9572 -0.1835
vn 0.2551 0.9572 -0.1364
vn 0.2768 0.9572 -0.0840
vn 0.2879 0.9572 -0.0284
vn 0.2879 0.9572 0.0284
vn 0.2768 0.9572 0.0840
vn 0.2551 0.9572 0.1364
vn 0.2236 0.9572 0.1835
vn 0.1835 0.9572 0.2236
vn 0.1364 0.9572 0.2551
vn 0.0840 0.9572 0.2768
vn 0.0284 0.9572 0.2879
vn -0.0284 0.9572 0.2879
vn -0.0840 0.9572 0.2768
vn -0.1364 0.9572 0.2551
vn -0.1835 0.9572 0.2236
vn -0.2236 0.9572 0.1835
vn -0.2551 0.9572 0.1364
vn -0.2768 0.9572 0.0840
vn -0.2879 0.9572 0.0284
vn -0.2879 0.9572 -0.0284
vn -0.2768 0.9572 -0.0840
vn -0.2551 0.9572 -0.1364
vn -0.2236 0.9572 -0.1835
vn -0.1835 0.9572 -0.2236
vn -0.1364 0.9572 -0.2551
vn -0.0840 0.9572 -0.2768
vn -0.8819 0.0001 -0.4714
vn 0.2191 -0.9687 0.1171
vn -0.1576 -0.9687 0.1920
vn -0.1586 -0.9683 -0.1932
vn 0.2392 -0.9683 -0.0726
vn 0.0243 -0.9687 0.2472
vn -0.2472 -0.9687 -0.0243
vn 0.1178 -0.9682 -0.2205
vn 0.1920 -0.9687 0.1576
vn -0.1920 -0.9687 0.1576
vn -0.1178 -0.9683 -0.2205
vn 0.2488 -0.9683 -0.0245
vn -0.0243 -0.9687 0.2472
vn -0.2377 -0.9687 -0.0721
vn 0.1586 -0.9682 -0.1932
vn 0.1576 -0.9687 0.1920
vn -0.2191 -0.9687 0.1171
vn -0.0726 -0.9683 -0.2392
vn 0.2487 -0.9683 0.0245
vn -0.0721 -0.9687 0.2377
vn -0.2159 -0.9684 -0.1246
vn 0.1932 -0.9682 -0.1586
vn 0.1171 -0.9687 0.2191
vn -0.2377 -0.9687 0.0721
vn 0.0245 -0.9682 -0.2488
vn -0.0245 -0.9682 -0.2488
vn 0.2408 -0.9684 0.0646
vn -0.1171 -0.9687 0.2190
vn -0.1932 -0.9683 -0.1586
vn 0.2205 -0.9683 -0.1178
vn 0.0721 -0.9687 0.2377
vn -0.2472 -0.9687 0.0243
vn 0.2152 -0.9708 0.1058
vn 0.4714 -0.0007 0.8819
vn 0.0980 0.0010 -0.9952
vn -0.7730 0.0003 -0.6344
vn 0.2903 -0.0008 0.9569
vn 0.2903 0.0010 -0.9569
vn -0.6344 0.0005 -0.7730
vn 0.0980 -0.0009 0.9952
vn 0.4714 0.0010 -0.8819
vn -0.4714 0.0007 -0.8819
vn -0.0980 -0.0010 0.9952
vn 0.6344 0.0010 -0.7730
vn -0.2903 0.0008 -0.9569
vn -0.2903 -0.0010 0.9569
vn 0.7730 0.0009 -0.6344
vn -0.0980 0.0009 -0.9952
vn -0.4714 -0.0010 0.8819
vn 0.8819 0.0008 -0.4714
vn -0.6344 -0.0010 0.7730
vn 0.9569 0.0007 -0.2903
vn -0.7730 -0.0009 0.6344
vn 0.9952 0.0005 -0.0980
vn -0.8819 -0.0008 0.4714
vn 0.9952 0.0003 0.0980
vn -0.9569 -0.0007 0.2903
vn 0.9569 0.0001 0.2903
vn -0.9952 -0.0005 0.0980
vn 0.8819 -0.0001 0.4714
vn -0.9952 -0.0003 -0.0980
vn 0.7730 -0.0003 0.6344
vn -0.9569 -0.0001 -0.2903
vn 0.6344 -0.0005 0.7730
vn 0.0004 -1.0000 -0.0010
vn -0.1134 -0.9706 -0.2121
vn -0.0234 -0.9710 0.2377
vn 0.1847 -0.9710 0.1516
vn -0.0698 -0.9706 -0.2301
vn -0.0693 -0.9710 0.2286
vn 0.1516 -0.9710 0.1847
vn -0.0236 -0.9706 -0.2394
vn -0.1126 -0.9710 0.2107
vn 0.1126 -0.9710 0.2107
vn 0.0236 -0.9706 -0.2394
vn -0.1516 -0.9710 0.1847
vn 0.0693 -0.9710 0.2286
vn 0.0698 -0.9706 -0.2302
vn -0.1847 -0.9710 0.1516
vn 0.0234 -0.9710 0.2378
vn 0.1134 -0.9706 -0.2121
vn -0.2107 -0.9710 0.1126
vn 0.1526 -0.9706 -0.1859
vn -0.2286 -0.9710 0.0694
vn 0.1859 -0.9706 -0.1526
vn -0.2378 -0.9710 0.0234
vn 0.2121 -0.9706 -0.1134
vn -0.2378 -0.9710 -0.0234
vn 0.2301 -0.9706 -0.0698
vn -0.2270 -0.9708 -0.0773
vn 0.2393 -0.9707 -0.0236
vn -0.2121 -0.9707 -0.1134
vn 0.2393 -0.9707 0.0236
vn -0.1859 -0.9707 -0.1526
vn 0.2301 -0.9707 0.0698
vn -0.1526 -0.9707 -0.1859
vn 0.0979 -0.0523 -0.9938
vn 0.2899 -0.0523 -0.9556
vn -0.0979 -0.0523 -0.9938
vn 0.4708 -0.0523 -0.8807
vn 0.6335 -0.0523 -0.7720
vn 0.7720 -0.0523 -0.6335
vn 0.8807 -0.0523 -0.4708
vn 0.9556 -0.0523 -0.2899
vn 0.9938 -0.0523 -0.0979
vn 0.9938 -0.0523 0.0979
vn 0.9556 -0.0523 0.2899
vn 0.8807 -0.0523 0.4708
vn 0.7720 -0.0523 0.6335
vn 0.6335 -0.0523 0.7720
vn 0.4708 -0.0523 0.8807
vn 0.2899 -0.0523 0.9556
vn 0.0979 -0.0523 0.9938
vn -0.0979 -0.0523 0.9938
vn -0.2899 -0.0523 0.9556
vn -0.4708 -0.0523 0.8807
vn -0.6335 -0.0523 0.7720
vn -0.7720 -0.0523 0.6335
vn -0.8807 -0.0523 0.4707
vn -0.9556 -0.0523 0.2899
vn -0.9938 -0.0523 0.0979
vn -0.9938 -0.0523 -0.0979
vn -0.9556 -0.0523 -0.2899
vn -0.8807 -0.0523 -0.4707
vn -0.7719 -0.0523 -0.6335
vn -0.6335 -0.0523 -0.7720
vn -0.4708 -0.0523 -0.8807
vn -0.2899 -0.0523 -0.9556
vn -0.2258 -0.9718 0.0685
vn -0.1602 0.9676 0.1952
vn -0.2348 -0.9718 0.0231
vn -0.1602 0.9676 -0.1952
vn -0.2348 -0.9718 -0.0231
vn 0.2227 0.9676 -0.1191
vn 0.0733 0.9676 0.2417
vn -0.2258 -0.9718 -0.0685
vn -0.1952 0.9676 0.1602
vn -0.2081 -0.9718 -0.1112
vn 0.0231 -0.9718 -0.2348
vn -0.1191 0.9676 -0.2227
vn 0.0248 0.9676 0.2513
vn -0.1824 -0.9718 -0.1497
vn 0.2417 0.9676 -0.0733
vn 0.0685 -0.9718 -0.2258
vn -0.1497 -0.9718 -0.1824
vn 0.1112 -0.9718 -0.2081
vn -0.2227 0.9676 0.1191
vn -0.1112 -0.9718 -0.2081
vn 0.1497 -0.9718 -0.1824
vn -0.0733 0.9676 -0.2417
vn -0.0685 -0.9718 -0.2258
vn 0.2513 0.9676 -0.0248
vn 0.1824 -0.9718 -0.1497
vn -0.0231 -0.9718 -0.2348
vn 0.2081 -0.9718 -0.1112
vn -0.2417 0.9676 0.0733
vn 0.2258 -0.9718 -0.0685
vn -0.0248 0.9676 -0.2513
vn 0.2513 0.9676 0.0248
vn 0.2348 -0.9718 -0.0231
vn 0.9942 0.0441 -0.0979
vn 0.2524 0.9673 -0.0249
vn 0.9560 0.0441 -0.2900
vn 0.2427 0.9673 -0.0736
vn 0.8811 0.0441 -0.4709
vn 0.2237 0.9673 -0.1195
vn -0.0979 0.0441 -0.9942
vn -0.0249 0.9673 -0.2524
vn 0.7723 0.0441 -0.6338
vn 0.1960 0.9673 -0.1609
vn -0.2900 0.0441 -0.9560
vn -0.0736 0.9673 -0.2427
vn 0.6338 0.0441 -0.7723
vn 0.1609 0.9673 -0.1960
vn -0.4709 0.0441 -0.8811
vn -0.1195 0.9673 -0.2237
vn 0.4709 0.0441 -0.8811
vn 0.1195 0.9673 -0.2237
vn -0.6338 0.0441 -0.7723
vn -0.1609 0.9673 -0.1960
vn 0.2900 0.0441 -0.9560
vn 0.0736 0.9673 -0.2427
vn -0.7723 0.0441 -0.6338
vn -0.1960 0.9673 -0.1609
vn 0.0979 0.0441 -0.9942
vn 0.0249 0.9673 -0.2524
vn -0.8811 0.0441 -0.4709
vn -0.2237 0.9673 -0.1195
vn -0.9560 0.0441 -0.2900
vn -0.2427 0.9673 -0.0736
vn -0.9942 0.0441 -0.0979
vn -0.2524 0.9673 -0.0249
vn -0.9942 0.0441 0.0979
vn -0.2524 0.9673 0.0249
vn -0.9560 0.0441 0.2900
vn -0.2427 0.9673 0.0736
vn 0.9942 0.0441 0.0979
vn 0.2524 0.9673 0.0249
vn 0.9560 0.0441 0.2900
vn 0.2427 0.9673 0.0736
vn 0.8811 0.0441 0.4709
vn 0.2237 0.9673 0.1195
vn 0.7723 0.0441 0.6338
vn 0.1960 0.9673 0.1609
vn 0.6338 0.0441 0.7723
vn 0.1609 0.9673 0.1960
vn 0.4709 0.0441 0.8811
vn 0.1195 0.9673 0.2237
vn 0.2900 0.0441 0.9560
vn 0.0736 0.9673 0.2427
vn 0.0979 0.0441 0.9942
vn 0.0249 0.9673 0.2524
vn -0.0979 0.0441 0.9942
vn -0.0249 0.9673 0.2524
vn -0.2900 0.0441 0.9560
vn -0.0736 0.9673 0.2427
vn -0.4709 0.0441 0.8811
vn -0.1195 0.9673 0.2237
vn -0.6338 0.0441 0.7723
vn -0.1609 0.9673 0.1960
vn -0.7723 0.0441 0.6338
vn -0.1960 0.9673 0.1609
vn -0.8811 0.0441 0.4709
vn -0.2237 0.9673 0.1195
vn -0.2902 0.0161 -0.9568
vn -0.2892 -0.0866 -0.9533
vn -0.4713 0.0161 -0.8818
vn -0.4696 -0.0866 -0.8786
vn -0.6343 0.0161 -0.7729
vn -0.6320 -0.0866 -0.7701
vn -0.7729 0.0161 -0.6343
vn -0.7701 -0.0866 -0.6320
vn -0.8818 0.0161 -0.4713
vn -0.8786 -0.0866 -0.4696
vn -0.9568 0.0161 -0.2902
vn -0.9533 -0.0866 -0.2892
vn -0.9951 0.0161 -0.0980
vn -0.9914 -0.0866 -0.0977
vn -0.9951 0.0161 0.0980
vn -0.9914 -0.0866 0.0977
vn -0.9568 0.0161 0.2902
vn -0.9533 -0.0866 0.2892
vn -0.8818 0.0161 0.4713
vn -0.8786 -0.0866 0.4696
vn -0.7729 0.0161 0.6343
vn -0.7701 -0.0866 0.6320
vn -0.6343 0.0161 0.7729
vn -0.6320 -0.0866 0.7701
vn -0.4713 0.0161 0.8818
vn -0.4696 -0.0866 0.8786
vn -0.2902 0.0161 0.9568
vn -0.2892 -0.0866 0.9533
vn -0.0980 0.0161 0.9951
vn -0.0976 -0.0866 0.9914
vn 0.0980 0.0161 0.9951
vn 0.0976 -0.0867 0.9914
vn 0.2902 0.0161 0.9568
vn 0.2892 -0.0866 0.9533
vn 0.4713 0.0161 0.8818
vn 0.4696 -0.0866 0.8786
vn 0.6343 0.0161 0.7729
vn 0.6320 -0.0866 0.7701
vn 0.7729 0.0161 0.6343
vn 0.7701 -0.0866 0.6320
vn 0.8818 0.0161 0.4713
vn 0.8786 -0.0866 0.4696
vn 0.9568 0.0161 0.2902
vn 0.9533 -0.0866 0.2892
vn 0.9951 0.0161 0.0980
vn 0.9914 -0.0867 0.0976
vn 0.9951 0.0161 -0.0980
vn 0.9914 -0.0867 -0.0976
vn 0.9568 0.0161 -0.2902
vn 0.9533 -0.0866 -0.2892
vn 0.8818 0.0161 -0.4713
vn 0.8786 -0.0866 -0.4696
vn 0.7729 0.0161 -0.6343
vn 0.7701 -0.0866 -0.6320
vn 0.6343 0.0161 -0.7729
vn 0.6320 -0.0866 -0.7701
vn 0.4713 0.0161 -0.8818
vn 0.4696 -0.0866 -0.8786
vn -0.0980 0.0161 -0.9951
vn -0.0976 -0.0866 -0.9914
vn 0.2902 0.0161 -0.9568
vn 0.2892 -0.0866 -0.9533
vn 0.0980 0.0161 -0.9951
vn 0.0976 -0.0867 -0.9914
vt 0.381739 0.913460
vt 0.266696 0.913068
vt 0.266376 0.888673
vt 0.381420 0.889064
vt 0.266269 0.862868
vt 0.381313 0.863260
vt 0.266376 0.836647
vt 0.381420 0.837039
vt 0.266696 0.811016
vt 0.381739 0.811408
vt 0.267214 0.786961
vt 0.382257 0.787353
vt 0.267911 0.765406
vt 0.382955 0.765798
vt 0.874972 0.929973
vt 0.759949 0.929588
vt 0.759163 0.911041
vt 0.874187 0.911426
vt 0.758569 0.889234
vt 0.873593 0.889618
vt 0.758191 0.865004
vt 0.873215 0.865388
vt 0.758043 0.839282
vt 0.873286 0.839667
vt 0.758131 0.813057
vt 0.873374 0.813442
vt 0.758451 0.787336
vt 0.873694 0.787721
vt 0.758991 0.763109
vt 0.874233 0.763494
vt 0.759730 0.741306
vt 0.874973 0.741691
vt 0.885041 0.455070
vt 0.769798 0.454551
vt 0.769034 0.436004
vt 0.884276 0.436522
vt 0.768466 0.414195
vt 0.883708 0.414714
vt 0.768116 0.389965
vt 0.883358 0.390484
vt 0.767998 0.364242
vt 0.883240 0.364761
vt 0.768116 0.338018
vt 0.883358 0.338537
vt 0.768466 0.312298
vt 0.883708 0.312817
vt 0.769034 0.288071
vt 0.884276 0.288590
vt 0.769798 0.266269
vt 0.885041 0.266788
vt 0.382955 0.765683
vt 0.498223 0.765406
vt 0.498877 0.787051
vt 0.383609 0.787328
vt 0.499354 0.811169
vt 0.384086 0.811446
vt 0.499636 0.836833
vt 0.384368 0.837110
vt 0.499710 0.863056
vt 0.384442 0.863333
vt 0.499575 0.888832
vt 0.384526 0.889108
vt 0.499236 0.913169
vt 0.384187 0.913445
vt 0.498705 0.935132
vt 0.383656 0.935408
vt 0.498004 0.953877
vt 0.382955 0.954154
vt 0.120022 0.000000
vt 0.146247 0.000000
vt 0.145648 0.006085
vt 0.120621 0.006085
vt 0.382955 0.954365
vt 0.267911 0.953973
vt 0.267214 0.935117
vt 0.382257 0.935509
vt 0.502815 0.218002
vt 0.484271 0.236546
vt 0.460751 0.207885
vt 0.474153 0.194483
vt 0.857167 0.223004
vt 0.832569 0.222904
vt 0.831801 0.007371
vt 0.856399 0.007471
vt 0.015152 0.196197
vt 0.005116 0.171968
vt 0.010967 0.170193
vt 0.020544 0.193315
vt 0.000000 0.146247
vt 0.006084 0.145648
vt 0.218003 0.236547
vt 0.196197 0.251117
vt 0.193315 0.245725
vt 0.214124 0.231820
vt 0.218003 0.029722
vt 0.236547 0.048266
vt 0.231820 0.052145
vt 0.214124 0.034448
vt 0.015152 0.070072
vt 0.029722 0.048266
vt 0.034448 0.052145
vt 0.020544 0.072954
vt 0.120022 0.266269
vt 0.094301 0.261153
vt 0.096075 0.255302
vt 0.120621 0.260184
vt 0.266269 0.120022
vt 0.266269 0.146247
vt 0.260184 0.145648
vt 0.260184 0.120621
vt 0.094301 0.005116
vt 0.096075 0.010967
vt 0.029722 0.218003
vt 0.034448 0.214124
vt 0.236547 0.218003
vt 0.231821 0.214124
vt 0.196197 0.015152
vt 0.193315 0.020544
vt 0.005116 0.094301
vt 0.010967 0.096075
vt 0.146247 0.266269
vt 0.145648 0.260184
vt 0.261153 0.094301
vt 0.255302 0.096075
vt 0.070072 0.015152
vt 0.072954 0.020544
vt 0.048266 0.236547
vt 0.052145 0.231821
vt 0.251117 0.196197
vt 0.245725 0.193315
vt 0.171968 0.005116
vt 0.170193 0.010967
vt 0.000000 0.120022
vt 0.006085 0.120621
vt 0.171968 0.261153
vt 0.170193 0.255302
vt 0.251117 0.070072
vt 0.245725 0.072954
vt 0.048266 0.029722
vt 0.052145 0.034448
vt 0.070072 0.251117
vt 0.072954 0.245725
vt 0.261153 0.171968
vt 0.255302 0.170194
vt 0.114962 0.527401
vt 0.089939 0.527298
vt 0.089642 0.519924
vt 0.115442 0.520030
vt 0.715278 0.224173
vt 0.694470 0.223537
vt 0.694470 0.008049
vt 0.715278 0.008685
vt 0.064580 0.742925
vt 0.041299 0.743230
vt 0.042033 0.527705
vt 0.065314 0.527401
vt 0.880392 0.223301
vt 0.879624 0.007768
vt 0.732975 0.224982
vt 0.732975 0.009494
vt 0.089205 0.742822
vt 0.901352 0.223783
vt 0.900584 0.008250
vt 0.781368 0.740670
vt 0.760559 0.741306
vt 0.760559 0.525818
vt 0.781368 0.525182
vt 0.114228 0.742925
vt 0.919242 0.224432
vt 0.918473 0.008899
vt 0.804490 0.740232
vt 0.804490 0.524744
vt 0.138687 0.743230
vt 0.139421 0.527705
vt 0.020258 0.743724
vt 0.002264 0.744389
vt 0.002998 0.528865
vt 0.020992 0.528200
vt 0.829036 0.740009
vt 0.829036 0.524521
vt 0.161643 0.743724
vt 0.162377 0.528200
vt 0.854062 0.740009
vt 0.854062 0.524521
vt 0.182213 0.744389
vt 0.182947 0.528865
vt 0.878608 0.740232
vt 0.878608 0.524744
vt 0.553299 0.224173
vt 0.535603 0.224982
vt 0.535603 0.009494
vt 0.553299 0.008685
vt 0.901730 0.740670
vt 0.901730 0.525182
vt 0.574108 0.223537
vt 0.574108 0.008049
vt 0.922538 0.741306
vt 0.922538 0.525818
vt 0.597230 0.223099
vt 0.597230 0.007611
vt 0.760039 0.223783
vt 0.739384 0.224432
vt 0.738616 0.008899
vt 0.759270 0.008250
vt 0.621776 0.222876
vt 0.621776 0.007388
vt 0.783054 0.223301
vt 0.782285 0.007768
vt 0.646802 0.222876
vt 0.646802 0.007388
vt 0.807544 0.223004
vt 0.806776 0.007471
vt 0.671348 0.223099
vt 0.671348 0.007611
vt 0.812500 1.000000
vt 0.843750 1.000000
vt 0.903040 0.000906
vt 0.921485 0.001575
vt 0.779499 0.517815
vt 0.803339 0.517364
vt 0.140661 0.520343
vt -0.000000 0.521539
vt 0.018553 0.520853
vt 0.828647 0.517133
vt 0.164330 0.520853
vt 0.040248 0.520343
vt 0.854451 0.517133
vt 0.185539 0.521539
vt 0.879759 0.517364
vt 0.532537 0.002171
vt 0.550783 0.001337
vt 0.903599 0.517815
vt 0.572239 0.000682
vt 0.925054 0.518471
vt 0.596079 0.000230
vt 0.736041 0.001575
vt 0.757337 0.000906
vt 0.621387 0.000000
vt 0.781067 0.000409
vt 0.647191 0.000000
vt 0.806318 0.000103
vt 0.672499 0.000230
vt 0.832121 0.000000
vt 0.696339 0.000682
vt 0.857482 0.000103
vt 0.717794 0.001337
vt 0.064252 0.520030
vt 0.881429 0.000409
vt 0.736040 0.002171
vt 0.758043 0.518471
vt 0.375000 1.000000
vt 0.406250 1.000000
vt 0.781250 1.000000
vt 0.343750 1.000000
vt 0.750000 1.000000
vt 0.312500 1.000000
vt 0.718750 1.000000
vt 0.281250 1.000000
vt 0.687500 1.000000
vt 0.250000 1.000000
vt 0.656250 1.000000
vt 0.218750 1.000000
vt 0.625000 1.000000
vt 0.187500 1.000000
vt 0.593750 1.000000
vt 0.156250 1.000000
vt 0.562500 1.000000
vt 0.968750 1.000000
vt 1.000000 1.000000
vt 0.125000 1.000000
vt 0.531250 1.000000
vt 0.937500 1.000000
vt 0.093750 1.000000
vt 0.500000 1.000000
vt 0.906250 1.000000
vt 0.062500 1.000000
vt 0.468750 1.000000
vt 0.875000 1.000000
vt 0.031250 1.000000
vt 0.437500 1.000000
vt 0.000000 1.000000
vt 0.999031 0.907005
vt 0.998866 0.925173
vt 0.981814 0.925173
vt 0.981980 0.907005
vt 0.669999 0.301282
vt 0.651831 0.297668
vt 0.654920 0.266269
vt 0.679153 0.271089
vt 0.731991 0.898394
vt 0.732590 0.911492
vt 0.715539 0.911492
vt 0.714940 0.898394
vt 0.999355 0.889891
vt 0.982304 0.889891
vt 0.731520 0.882992
vt 0.714469 0.882992
vt 0.999826 0.874490
vt 0.982774 0.874490
vt 0.731196 0.865879
vt 0.714145 0.865879
vt 0.982294 0.756655
vt 0.981814 0.741367
vt 0.998869 0.741306
vt 0.999349 0.756594
vt 0.731031 0.847711
vt 0.713980 0.847711
vt 0.982651 0.773689
vt 0.999706 0.773629
vt 0.731031 0.829187
vt 0.713980 0.829187
vt 0.982871 0.791816
vt 0.999926 0.791755
vt 0.731196 0.811020
vt 0.714145 0.811020
vt 0.982945 0.810339
vt 1.000000 0.810278
vt 0.731520 0.793906
vt 0.714469 0.793906
vt 0.982871 0.828545
vt 0.999926 0.828484
vt 0.731991 0.778504
vt 0.714940 0.778504
vt 0.749720 0.852531
vt 0.749946 0.869762
vt 0.732891 0.869704
vt 0.732666 0.852473
vt 0.982651 0.845735
vt 0.999706 0.845674
vt 0.732590 0.765406
vt 0.715539 0.765406
vt 0.749644 0.834305
vt 0.732590 0.834246
vt 0.982294 0.861249
vt 0.999349 0.861188
vt 0.999355 0.978977
vt 0.999826 0.994379
vt 0.982774 0.994379
vt 0.982304 0.978977
vt 0.749720 0.815784
vt 0.732666 0.815726
vt 0.981814 0.874490
vt 0.998869 0.874429
vt 0.999031 0.961864
vt 0.981980 0.961864
vt 0.749946 0.797680
vt 0.732891 0.797622
vt 0.750311 0.885336
vt 0.750804 0.898654
vt 0.733750 0.898596
vt 0.733257 0.885278
vt 0.998866 0.943696
vt 0.981814 0.943696
vt 0.750311 0.780689
vt 0.733257 0.780631
vt 0.750804 0.765464
vt 0.733750 0.765406
vt 0.569527 0.451649
vt 0.582625 0.464748
vt 0.562607 0.489131
vt 0.545136 0.471660
vt 0.687113 0.308370
vt 0.701980 0.280544
vt 0.559235 0.436248
vt 0.531409 0.451116
vt 0.702514 0.318662
vt 0.722524 0.294271
vt 0.552147 0.419134
vt 0.521954 0.428288
vt 0.715613 0.331760
vt 0.739995 0.311743
vt 0.548533 0.400966
vt 0.517133 0.404055
vt 0.725904 0.347162
vt 0.753722 0.332287
vt 0.548533 0.382443
vt 0.517133 0.379347
vt 0.715613 0.451649
vt 0.725904 0.436248
vt 0.753722 0.451116
vt 0.739995 0.471660
vt 0.732992 0.364275
vt 0.763178 0.355114
vt 0.552147 0.364275
vt 0.521954 0.355114
vt 0.702514 0.464748
vt 0.722524 0.489131
vt 0.736606 0.382443
vt 0.767998 0.379347
vt 0.559235 0.347162
vt 0.531409 0.332287
vt 0.687113 0.475039
vt 0.701980 0.502858
vt 0.736606 0.400966
vt 0.767998 0.404055
vt 0.569527 0.331760
vt 0.545136 0.311743
vt 0.669999 0.482127
vt 0.679153 0.512313
vt 0.732992 0.419134
vt 0.763178 0.428288
vt 0.582625 0.318662
vt 0.562607 0.294271
vt 0.651831 0.485741
vt 0.654920 0.517133
vt 0.598027 0.308370
vt 0.583151 0.280544
vt 0.633308 0.485741
vt 0.630212 0.517133
vt 0.615140 0.301282
vt 0.605979 0.271089
vt 0.615140 0.482127
vt 0.605978 0.512313
vt 0.633308 0.297668
vt 0.630212 0.266269
vt 0.598027 0.475039
vt 0.583151 0.502858
vt 0.258509 0.904317
vt 0.258985 0.883624
vt 0.264952 0.883602
vt 0.264476 0.904296
vt 0.404055 0.517133
vt 0.379347 0.517133
vt 0.382422 0.485914
vt 0.400980 0.485914
vt 0.993505 0.139373
vt 0.994133 0.159917
vt 0.988166 0.159917
vt 0.987539 0.139373
vt 0.259723 0.528268
vt 0.259622 0.552972
vt 0.253655 0.552952
vt 0.253756 0.528248
vt 0.257868 0.921979
vt 0.263836 0.921957
vt 0.993073 0.116546
vt 0.987106 0.116546
vt 0.260024 0.504120
vt 0.254057 0.504100
vt 0.260512 0.621041
vt 0.261169 0.638806
vt 0.255202 0.638786
vt 0.254545 0.621021
vt 0.992852 0.092312
vt 0.986886 0.092312
vt 0.260512 0.481457
vt 0.254545 0.481436
vt 0.260024 0.600268
vt 0.254057 0.600247
vt 0.992852 0.067604
vt 0.986886 0.067604
vt 0.261169 0.461148
vt 0.255202 0.461128
vt 0.993073 0.043371
vt 0.987106 0.043371
vt 0.260901 0.443657
vt 0.261700 0.461128
vt 0.255734 0.461128
vt 0.254935 0.443657
vt 0.993505 0.020544
vt 0.987539 0.020544
vt 0.260274 0.423113
vt 0.254308 0.423113
vt 0.994133 0.000000
vt 0.988166 0.000000
vt 0.259841 0.400286
vt 0.253875 0.400286
vt 0.258509 0.764803
vt 0.257868 0.744411
vt 0.263836 0.744389
vt 0.264476 0.764781
vt 0.259621 0.376052
vt 0.253655 0.376052
vt 0.258985 0.787525
vt 0.264952 0.787503
vt 0.259621 0.351344
vt 0.253655 0.351344
vt 0.259278 0.811703
vt 0.265245 0.811682
vt 0.259841 0.327111
vt 0.253875 0.327111
vt 0.259377 0.836410
vt 0.265344 0.836388
vt 0.260274 0.304284
vt 0.254308 0.304284
vt 0.259278 0.860694
vt 0.265245 0.860673
vt 0.260901 0.283740
vt 0.254935 0.283740
vt 0.259723 0.577284
vt 0.253756 0.577263
vt 0.261700 0.266269
vt 0.255734 0.266269
vt 0.428288 0.271089
vt 0.451116 0.280544
vt 0.436328 0.308211
vt 0.419182 0.301109
vt 0.428288 0.512313
vt 0.419182 0.482293
vt 0.404055 0.266269
vt 0.400980 0.297488
vt 0.451116 0.502858
vt 0.436328 0.475191
vt 0.379347 0.266269
vt 0.382422 0.297488
vt 0.471660 0.489131
vt 0.451758 0.464881
vt 0.355114 0.271089
vt 0.364220 0.301109
vt 0.489131 0.471660
vt 0.464881 0.451758
vt 0.332287 0.280544
vt 0.347075 0.308211
vt 0.502858 0.451116
vt 0.475191 0.436328
vt 0.311743 0.294271
vt 0.331644 0.318521
vt 0.512313 0.428288
vt 0.482293 0.419182
vt 0.294271 0.311743
vt 0.318521 0.331644
vt 0.517133 0.404055
vt 0.485914 0.400980
vt 0.280544 0.332287
vt 0.308211 0.347075
vt 0.517133 0.379347
vt 0.485914 0.382422
vt 0.294271 0.471660
vt 0.280544 0.451116
vt 0.308211 0.436328
vt 0.318521 0.451758
vt 0.271089 0.355114
vt 0.301109 0.364220
vt 0.512313 0.355114
vt 0.482293 0.364220
vt 0.311743 0.489131
vt 0.331644 0.464881
vt 0.266269 0.379347
vt 0.297488 0.382422
vt 0.502858 0.332287
vt 0.475191 0.347075
vt 0.332287 0.502858
vt 0.347075 0.475191
vt 0.266269 0.404055
vt 0.297488 0.400980
vt 0.489131 0.311743
vt 0.464881 0.331644
vt 0.355114 0.512313
vt 0.364220 0.482293
vt 0.271089 0.428288
vt 0.301109 0.419182
vt 0.471660 0.294272
vt 0.451758 0.318521
vt 0.678531 0.557780
vt 0.661386 0.550678
vt 0.670116 0.521904
vt 0.692708 0.531262
vt 0.624626 0.735483
vt 0.643184 0.735483
vt 0.646133 0.765406
vt 0.621681 0.765406
vt 0.693962 0.568090
vt 0.713039 0.544847
vt 0.606424 0.731862
vt 0.597698 0.760636
vt 0.707085 0.581213
vt 0.730330 0.562138
vt 0.589278 0.724760
vt 0.575107 0.751278
vt 0.717395 0.596643
vt 0.743915 0.582469
vt 0.573848 0.714450
vt 0.554775 0.737693
vt 0.724497 0.613789
vt 0.753273 0.605061
vt 0.560725 0.701327
vt 0.537484 0.720402
vt 0.728118 0.631991
vt 0.758043 0.629043
vt 0.550415 0.596643
vt 0.543313 0.613789
vt 0.514541 0.605061
vt 0.523899 0.582469
vt 0.550415 0.685896
vt 0.523899 0.700070
vt 0.728118 0.650549
vt 0.758043 0.653496
vt 0.560725 0.581213
vt 0.537484 0.562138
vt 0.543313 0.668751
vt 0.514541 0.677479
vt 0.724497 0.668751
vt 0.753273 0.677479
vt 0.573848 0.568090
vt 0.554775 0.544847
vt 0.717395 0.685896
vt 0.743915 0.700070
vt 0.589278 0.557780
vt 0.575107 0.531262
vt 0.707085 0.701327
vt 0.730330 0.720402
vt 0.606424 0.550678
vt 0.597698 0.521904
vt 0.693962 0.714450
vt 0.713039 0.737693
vt 0.624626 0.547057
vt 0.621681 0.517133
vt 0.678531 0.724760
vt 0.692708 0.751278
vt 0.643184 0.547057
vt 0.646133 0.517134
vt 0.661386 0.731862
vt 0.670116 0.760636
vt 0.449206 0.751278
vt 0.426614 0.760636
vt 0.424350 0.753171
vt 0.445529 0.744399
vt 0.469537 0.737693
vt 0.464589 0.731663
vt 0.486828 0.720402
vt 0.480799 0.715454
vt 0.500413 0.700070
vt 0.493534 0.696393
vt 0.509771 0.677479
vt 0.502307 0.675215
vt 0.514541 0.653496
vt 0.506779 0.652732
vt 0.514541 0.629043
vt 0.506779 0.629808
vt 0.509771 0.605061
vt 0.502307 0.607325
vt 0.500413 0.582469
vt 0.493534 0.586146
vt 0.486828 0.562137
vt 0.480799 0.567086
vt 0.469537 0.544847
vt 0.464589 0.550876
vt 0.449206 0.531262
vt 0.445529 0.538141
vt 0.426614 0.521904
vt 0.424350 0.529368
vt 0.402631 0.517133
vt 0.401867 0.524896
vt 0.378179 0.517133
vt 0.378943 0.524896
vt 0.354196 0.521904
vt 0.356460 0.529368
vt 0.331604 0.531262
vt 0.335281 0.538141
vt 0.311273 0.544847
vt 0.316221 0.550876
vt 0.293982 0.562138
vt 0.300012 0.567086
vt 0.280397 0.582469
vt 0.287276 0.586146
vt 0.271039 0.605061
vt 0.278503 0.607325
vt 0.266269 0.629043
vt 0.274031 0.629808
vt 0.266269 0.653496
vt 0.274031 0.652732
vt 0.271039 0.677479
vt 0.278503 0.675215
vt 0.280397 0.700070
vt 0.287276 0.696393
vt 0.293982 0.720402
vt 0.300012 0.715454
vt 0.311273 0.737693
vt 0.316221 0.731663
vt 0.331605 0.751278
vt 0.335281 0.744399
vt 0.354196 0.760636
vt 0.356460 0.753171
vt 0.378179 0.765406
vt 0.378943 0.757644
vt 0.402631 0.765406
vt 0.401867 0.757644
vt 0.312500 1.000000
vt 0.375000 1.000000
vt 0.406250 1.000000
vt 0.437500 1.000000
vt 0.468750 1.000000
vt 0.500000 1.000000
vt 0.531250 1.000000
vt 0.562500 1.000000
vt 0.593750 1.000000
vt 0.625000 1.000000
vt 0.656250 1.000000
vt 0.687500 1.000000
vt 0.718750 1.000000
vt 0.612647 0.886693
vt 0.612961 0.910697
vt 0.607513 0.908766
vt 0.607209 0.885526
vt 0.612541 0.861303
vt 0.607107 0.860944
vt 0.612647 0.835503
vt 0.607209 0.835965
vt 0.612961 0.810284
vt 0.607513 0.811549
vt 0.613471 0.786615
vt 0.608007 0.788633
vt 0.614157 0.765406
vt 0.608671 0.768099
vt 0.210333 0.494848
vt 0.188877 0.509184
vt 0.186903 0.505489
vt 0.207675 0.491609
vt 0.505811 0.929208
vt 0.506466 0.950663
vt 0.501005 0.948005
vt 0.500370 0.927233
vt 0.505359 0.905368
vt 0.499933 0.904152
vt 0.505129 0.880060
vt 0.499710 0.879649
vt 0.505129 0.854256
vt 0.499710 0.854666
vt 0.505359 0.828947
vt 0.499933 0.830164
vt 0.505811 0.805108
vt 0.500370 0.807082
vt 0.506466 0.783652
vt 0.501005 0.786310
vt 0.228579 0.309591
vt 0.242915 0.331046
vt 0.239220 0.333021
vt 0.225341 0.312248
vt 0.891141 0.411824
vt 0.891796 0.433280
vt 0.886335 0.430622
vt 0.885701 0.409849
vt 0.890689 0.387984
vt 0.885263 0.386768
vt 0.890459 0.362676
vt 0.885041 0.362266
vt 0.890459 0.336872
vt 0.885041 0.337283
vt 0.890689 0.311564
vt 0.885263 0.312780
vt 0.891141 0.287724
vt 0.885701 0.289699
vt 0.891796 0.266269
vt 0.886335 0.268926
vt 0.975468 0.762603
vt 0.974800 0.741306
vt 0.980289 0.743979
vt 0.980937 0.764598
vt 0.975965 0.786332
vt 0.981418 0.787572
vt 0.976271 0.811584
vt 0.981714 0.812020
vt 0.976375 0.837386
vt 0.981814 0.837001
vt 0.976271 0.862748
vt 0.981714 0.861556
vt 0.975965 0.886694
vt 0.981418 0.884740
vt 0.975468 0.908306
vt 0.980937 0.905664
vt 0.010740 0.455146
vt 0.000865 0.431306
vt 0.004874 0.430090
vt 0.014434 0.453171
vt 0.025076 0.476602
vt 0.028314 0.473944
vt 0.613471 0.932392
vt 0.608007 0.929770
vt 0.066752 0.505489
vt 0.045980 0.491609
vt 0.066883 0.466139
vt 0.082284 0.476430
vt 0.712364 0.861643
vt 0.712470 0.887033
vt 0.712784 0.911037
vt 0.089833 0.515050
vt 0.099398 0.483519
vt 0.053784 0.453041
vt 0.713294 0.932732
vt 0.712470 0.835843
vt 0.114336 0.519924
vt 0.117566 0.487133
vt 0.712784 0.810624
vt 0.139319 0.519924
vt 0.136089 0.487133
vt 0.713294 0.786955
vt 0.163822 0.515050
vt 0.154257 0.483519
vt 0.713980 0.765746
vt 0.171370 0.476430
vt 0.606272 0.950663
vt 0.607107 0.968909
vt 0.507301 0.968909
vt 0.186772 0.466139
vt 0.605617 0.929208
vt 0.225341 0.473944
vt 0.199870 0.453041
vt 0.605165 0.905368
vt 0.239220 0.453171
vt 0.210162 0.437639
vt 0.604935 0.880060
vt 0.248781 0.430090
vt 0.217250 0.420526
vt 0.604935 0.854256
vt 0.253655 0.405588
vt 0.220864 0.402358
vt 0.605165 0.828947
vt 0.253655 0.380605
vt 0.220864 0.383834
vt 0.248781 0.356102
vt 0.217250 0.365667
vt 0.605617 0.805108
vt 0.606272 0.783652
vt 0.210162 0.348553
vt 0.607107 0.765406
vt 0.507301 0.765406
vt 0.199870 0.333151
vt 0.990947 0.411824
vt 0.991602 0.433280
vt 0.207675 0.294583
vt 0.186772 0.320053
vt 0.990495 0.387984
vt 0.186903 0.280703
vt 0.171370 0.309762
vt 0.990265 0.362676
vt 0.163822 0.271143
vt 0.154257 0.302673
vt 0.990265 0.336872
vt 0.139319 0.266269
vt 0.136089 0.299060
vt 0.990495 0.311564
vt 0.114336 0.266269
vt 0.117566 0.299060
vt 0.990947 0.287724
vt 0.089833 0.271143
vt 0.099398 0.302673
vt 0.991602 0.266269
vt 0.066752 0.280703
vt 0.082284 0.309762
vt 0.875641 0.762958
vt 0.874973 0.741662
vt 0.045980 0.294583
vt 0.066883 0.320053
vt 0.876138 0.786688
vt 0.028314 0.312248
vt 0.053784 0.333151
vt 0.876444 0.811940
vt 0.014434 0.333021
vt 0.043493 0.348553
vt 0.876548 0.837742
vt 0.004874 0.356102
vt 0.036405 0.365667
vt 0.876444 0.863104
vt -0.000000 0.380605
vt 0.032791 0.383834
vt 0.876138 0.887050
vt -0.000000 0.405588
vt 0.032791 0.402358
vt 0.875641 0.908661
vt 0.036405 0.420526
vt 0.874973 0.927107
vt 0.974800 0.926751
vt 0.043493 0.437639
vt 0.713980 0.951285
vt 0.614157 0.950945
vt 0.265032 0.303768
vt 0.265074 0.322396
vt 0.264371 0.322397
vt 0.264329 0.303770
vt 0.295991 0.218003
vt 0.281421 0.196197
vt 0.314151 0.178725
vt 0.324681 0.194483
vt 0.336340 0.015152
vt 0.360569 0.005116
vt 0.371352 0.040630
vt 0.353842 0.047883
vt 0.527421 0.094300
vt 0.532537 0.120022
vt 0.495633 0.123672
vt 0.491936 0.105084
vt 0.386290 0.266269
vt 0.360569 0.261152
vt 0.371352 0.225668
vt 0.389940 0.229365
vt 0.271385 0.094301
vt 0.281421 0.070072
vt 0.314151 0.087574
vt 0.306898 0.105084
vt 0.462466 0.015152
vt 0.484271 0.029722
vt 0.460751 0.058413
vt 0.444993 0.047883
vt 0.462466 0.251116
vt 0.444992 0.218415
vt 0.271385 0.171968
vt 0.306898 0.161214
vt 0.386291 -0.000000
vt 0.389941 0.036933
vt 0.532537 0.146247
vt 0.495633 0.142625
vt 0.336340 0.251116
vt 0.353842 0.218415
vt 0.295991 0.048266
vt 0.324681 0.071815
vt 0.502815 0.048266
vt 0.474153 0.071815
vt 0.438237 0.261152
vt 0.427482 0.225668
vt 0.266269 0.146247
vt 0.303201 0.142626
vt 0.412516 -0.000000
vt 0.408894 0.036933
vt 0.527421 0.171968
vt 0.491936 0.161214
vt 0.314535 0.236546
vt 0.338083 0.207885
vt 0.314535 0.029722
vt 0.338083 0.058413
vt 0.517385 0.070071
vt 0.484683 0.087573
vt 0.412515 0.266269
vt 0.408893 0.229365
vt 0.266269 0.120022
vt 0.303201 0.123673
vt 0.438237 0.005116
vt 0.427482 0.040630
vt 0.517385 0.196197
vt 0.484683 0.178724
vt 0.170952 0.779271
vt 0.181482 0.795030
vt 0.128244 0.823452
vt 0.124286 0.817528
vt 0.593750 0.500000
vt 0.562500 0.500000
vt 0.265074 0.321496
vt 0.265074 0.303864
vt 0.265777 0.303876
vt 0.265777 0.321508
vt 0.264811 0.339984
vt 0.264108 0.339985
vt 0.531250 0.500000
vt 0.265240 0.285216
vt 0.265943 0.285228
vt 0.125000 0.500000
vt 0.093750 0.500000
vt 0.500000 0.500000
vt 0.265566 0.266269
vt 0.266269 0.266280
vt 0.263405 0.266269
vt 0.263405 0.279826
vt 0.262703 0.279854
vt 0.262703 0.266297
vt 0.468750 0.500000
vt 0.906250 0.500000
vt 0.875000 0.500000
vt 0.265566 0.351067
vt 0.265240 0.337435
vt 0.265943 0.337447
vt 0.266269 0.351079
vt 0.437500 0.500000
vt 0.843750 0.500000
vt 0.406250 0.500000
vt 0.812500 0.500000
vt 0.375000 0.500000
vt 0.781250 0.500000
vt 0.343750 0.500000
vt 0.750000 0.500000
vt 0.312500 0.500000
vt 0.718750 0.500000
vt 0.263405 0.281919
vt 0.263405 0.266269
vt 0.264108 0.266288
vt 0.264108 0.281938
vt 0.687500 0.500000
vt 0.281250 0.500000
vt 0.250000 0.500000
vt 0.656250 0.500000
vt 0.264811 0.266269
vt 0.264996 0.284816
vt 0.264293 0.284818
vt 0.264108 0.266271
vt 0.625000 0.500000
vt 0.128244 0.857713
vt 0.124286 0.863636
vt 0.119248 0.868674
vt 0.113325 0.872632
vt 0.106743 0.875358
vt 0.099756 0.876748
vt 0.092632 0.876748
vt 0.085645 0.875358
vt 0.079063 0.872632
vt 0.073140 0.868674
vt 0.068103 0.863637
vt 0.064145 0.857713
vt 0.061419 0.851131
vt 0.060029 0.844144
vt 0.060029 0.837020
vt 0.061419 0.830033
vt 0.064145 0.823452
vt 0.068103 0.817528
vt 0.073140 0.812491
vt 0.079063 0.808533
vt 0.085645 0.805807
vt 0.092632 0.804417
vt 0.099756 0.804417
vt 0.106743 0.805807
vt 0.113325 0.808533
vt 0.119248 0.812491
vt 0.130970 0.830033
vt 0.132360 0.837020
vt 0.132360 0.844144
vt 0.130970 0.851131
vt -0.000000 0.850082
vt -0.000000 0.831129
vt 0.181482 0.886181
vt 0.170952 0.901940
vt 0.188735 0.812540
vt 0.003698 0.812540
vt 0.157550 0.915341
vt 0.192432 0.831129
vt 0.010951 0.795030
vt 0.141791 0.925871
vt 0.192432 0.850082
vt 0.021480 0.779271
vt 0.124281 0.933124
vt 0.188735 0.868671
vt 0.034882 0.765869
vt 0.105692 0.936822
vt 0.050641 0.755340
vt 0.086740 0.936822
vt 0.068151 0.748087
vt 0.068151 0.933124
vt 0.086740 0.744389
vt 0.050641 0.925871
vt 0.105693 0.744389
vt 0.034882 0.915341
vt 0.124281 0.748087
vt 0.021480 0.901940
vt 0.141792 0.755340
vt 0.010950 0.886181
vt 0.157550 0.765869
vt 0.003698 0.868671
vt 0.213834 0.859397
vt 0.214132 0.882144
vt 0.192830 0.882071
vt 0.192533 0.859325
vt 0.213734 0.835337
vt 0.192432 0.835264
vt 0.214615 0.902703
vt 0.193313 0.902630
vt 0.213834 0.810888
vt 0.192533 0.810815
vt 0.214132 0.786989
vt 0.192830 0.786917
vt 0.214615 0.764560
vt 0.193313 0.764488
vt 0.215265 0.744462
vt 0.193963 0.744389
vt 0.208104 0.695479
vt 0.208895 0.712769
vt 0.187596 0.712769
vt 0.186806 0.695479
vt 0.207483 0.675147
vt 0.186185 0.675147
vt 0.207055 0.652556
vt 0.185757 0.652556
vt 0.206837 0.628573
vt 0.185539 0.628573
vt 0.206837 0.604120
vt 0.185539 0.604120
vt 0.207055 0.580137
vt 0.185757 0.580137
vt 0.207483 0.557546
vt 0.186185 0.557546
vt 0.208104 0.537214
vt 0.186806 0.537214
vt 0.208895 0.519923
vt 0.187596 0.519924
vt 0.946998 0.655066
vt 0.947619 0.675398
vt 0.926321 0.675398
vt 0.925700 0.655066
vt 0.946570 0.632475
vt 0.925272 0.632475
vt 0.946352 0.608492
vt 0.925054 0.608492
vt 0.946352 0.584039
vt 0.925054 0.584039
vt 0.946570 0.560057
vt 0.925272 0.560057
vt 0.946998 0.537465
vt 0.925700 0.537465
vt 0.947619 0.517133
vt 0.926321 0.517133
vt 0.964724 0.020257
vt 0.964091 0.000076
vt 0.985393 -0.000000
vt 0.986027 0.020181
vt 0.965195 0.042744
vt 0.986498 0.042668
vt 0.965485 0.066673
vt 0.986788 0.066597
vt 0.965583 0.091124
vt 0.986886 0.091048
vt 0.965485 0.115158
vt 0.986788 0.115082
vt 0.965195 0.137851
vt 0.986498 0.137775
vt 0.964724 0.158330
vt 0.986027 0.158254
vt 0.964091 0.175809
vt 0.985393 0.175733
vt 0.215265 0.920284
vt 0.193963 0.920211
vt 0.218750 1.000000
vt 0.187500 1.000000
vt 0.156250 1.000000
vt 0.968750 1.000000
vt 0.937500 1.000000
vt 0.093750 1.000000
vt 0.906250 1.000000
vt 0.062500 1.000000
vt 0.875000 1.000000
vt 0.843750 1.000000
vt 0.812500 1.000000
vt 0.781250 1.000000
vt 0.781250 1.000000
vt 0.750000 1.000000
vt 0.812500 1.000000
vt 0.843750 1.000000
vt 0.062500 1.000000
vt 0.093750 1.000000
vt 0.250000 1.000000
vt 0.718750 1.000000
vt 0.687500 1.000000
vt 0.656250 1.000000
vt 0.500000 1.000000
vt 0.437500 1.000000
vt 0.375000 1.000000
vt 0.343750 1.000000
vt 0.257218 0.902848
vt 0.257869 0.920429
vt 0.236567 0.920357
vt 0.235917 0.902775
vt 0.921485 0.175961
vt 0.922119 0.158482
vt 0.943422 0.158406
vt 0.942788 0.175885
vt 0.922590 0.138002
vt 0.943893 0.137927
vt 0.922880 0.115310
vt 0.944183 0.115234
vt 0.922978 0.091276
vt 0.944281 0.091200
vt 0.922880 0.066825
vt 0.944183 0.066749
vt 0.922590 0.042896
vt 0.943893 0.042820
vt 0.922119 0.020409
vt 0.943422 0.020333
vt 0.921485 0.000228
vt 0.942788 0.000152
vt 0.990216 0.517133
vt 0.989595 0.537465
vt 0.968296 0.537465
vt 0.968918 0.517133
vt 0.989167 0.560057
vt 0.967869 0.560057
vt 0.988949 0.584039
vt 0.967650 0.584039
vt 0.988949 0.608492
vt 0.967650 0.608492
vt 0.989167 0.632475
vt 0.967869 0.632475
vt 0.989595 0.655066
vt 0.968296 0.655066
vt 0.990216 0.675398
vt 0.968918 0.675398
vt 0.251491 0.519924
vt 0.250700 0.537214
vt 0.229402 0.537214
vt 0.230193 0.519923
vt 0.250079 0.557546
vt 0.228781 0.557546
vt 0.249651 0.580137
vt 0.228353 0.580137
vt 0.249433 0.604120
vt 0.228135 0.604120
vt 0.249433 0.628573
vt 0.228135 0.628573
vt 0.249651 0.652556
vt 0.228353 0.652556
vt 0.250079 0.675147
vt 0.228781 0.675147
vt 0.250700 0.695479
vt 0.229402 0.695479
vt 0.251491 0.712770
vt 0.230193 0.712770
vt 0.257869 0.744607
vt 0.257218 0.764705
vt 0.235917 0.764633
vt 0.236567 0.744534
vt 0.256735 0.787135
vt 0.235434 0.787062
vt 0.256438 0.811033
vt 0.235136 0.810960
vt 0.256337 0.835482
vt 0.235036 0.835409
vt 0.256735 0.882289
vt 0.235434 0.882216
vt 0.256438 0.859542
vt 0.235136 0.859470
s 0
usemtl Material
f 1/1/1 2/2/1 4/3/1 3/4/1
f 3/4/2 4/3/2 6/5/2 5/6/2
f 5/6/3 6/5/3 8/7/3 7/8/3
f 7/8/4 8/7/4 10/9/4 9/10/4
f 9/10/5 10/9/5 12/11/5 11/12/5
f 11/12/6 12/11/6 14/13/6 13/14/6
f 13/15/7 14/16/7 16/17/7 15/18/7
f 15/18/8 16/17/8 18/19/8 17/20/8
f 17/20/9 18/19/9 20/21/9 19/22/9
f 19/22/10 20/21/10 22/23/10 21/24/10
f 21/24/11 22/23/11 24/25/11 23/26/11
f 23/26/12 24/25/12 26/27/12 25/28/12
f 25/28/13 26/27/13 28/29/13 27/30/13
f 27/30/14 28/29/14 30/31/14 29/32/14
f 29/33/15 30/34/15 32/35/15 31/36/15
f 31/36/16 32/35/16 34/37/16 33/38/16
f 33/38/17 34/37/17 36/39/17 35/40/17
f 35/40/18 36/39/18 38/41/18 37/42/18
f 37/42/19 38/41/19 40/43/19 39/44/19
f 39/44/20 40/43/20 42/45/20 41/46/20
f 41/46/21 42/45/21 44/47/21 43/48/21
f 43/48/22 44/47/22 46/49/22 45/50/22
f 45/51/23 46/52/23 48/53/23 47/54/23
f 47/54/24 48/53/24 50/55/24 49/56/24
f 49/56/25 50/55/25 52/57/25 51/58/25
f 51/58/26 52/57/26 54/59/26 53/60/26
f 53/60/27 54/59/27 56/61/27 55/62/27
f 55/62/28 56/61/28 58/63/28 57/64/28
f 57/64/29 58/63/29 60/65/29 59/66/29
f 59/66/30 60/65/30 62/67/30 61/68/30
f 48/69/31 46/70/31 87/71/31 88/72/31
f 61/73/32 62/74/32 64/75/32 63/76/32
f 63/76/33 64/75/33 2/2/33 1/1/33
f 3/77/34 5/78/34 611/79/34 610/80/34
f 92/81/27 91/82/27 123/83/27 124/84/27
f 4/85/35 2/86/35 66/87/35 65/88/35
f 2/86/36 64/89/36 96/90/36 66/87/36
f 22/91/37 20/92/37 74/93/37 75/94/37
f 40/95/38 38/96/38 83/97/38 84/98/38
f 58/99/39 56/100/39 92/101/39 93/102/39
f 14/103/40 12/104/40 70/105/40 71/106/40
f 32/107/41 30/108/41 79/109/41 80/110/41
f 50/111/42 48/69/42 88/72/42 89/112/42
f 6/113/43 4/85/43 65/88/43 67/114/43
f 24/115/44 22/91/44 75/94/44 76/116/44
f 42/117/45 40/95/45 84/98/45 85/118/45
f 60/119/46 58/99/46 93/102/46 94/120/46
f 16/121/47 14/103/47 71/106/47 72/122/47
f 34/123/48 32/107/48 80/110/48 81/124/48
f 52/125/49 50/111/49 89/112/49 90/126/49
f 8/127/50 6/113/50 67/114/50 68/128/50
f 26/129/51 24/115/51 76/116/51 77/130/51
f 44/131/52 42/117/52 85/118/52 86/132/52
f 62/133/53 60/119/53 94/120/53 95/134/53
f 18/135/54 16/121/54 72/122/54 73/136/54
f 36/137/55 34/123/55 81/124/55 82/138/55
f 54/139/56 52/125/56 90/126/56 91/140/56
f 10/141/57 8/127/57 68/128/57 69/142/57
f 28/143/58 26/129/58 77/130/58 78/144/58
f 46/70/59 44/131/59 86/132/59 87/71/59
f 64/89/60 62/133/60 95/134/60 96/90/60
f 20/92/61 18/135/61 73/136/61 74/93/61
f 38/96/62 36/137/62 82/138/62 83/97/62
f 56/100/63 54/139/63 91/140/63 92/101/63
f 12/104/64 10/141/64 69/142/64 70/105/64
f 30/108/65 28/143/65 78/144/65 79/109/65
f 100/145/66 99/146/66 131/147/66 132/148/66
f 79/149/14 78/150/14 110/151/14 111/152/14
f 65/153/1 66/154/1 98/155/1 97/156/1
f 93/157/28 92/81/28 124/84/28 125/158/28
f 80/159/15 79/149/15 111/152/15 112/160/15
f 67/161/2 65/153/2 97/156/2 99/146/2
f 94/162/29 93/157/29 125/158/29 126/163/29
f 81/164/16 80/165/16 112/166/16 113/167/16
f 68/168/3 67/161/3 99/146/3 100/145/3
f 95/169/30 94/162/30 126/163/30 127/170/30
f 82/171/17 81/164/17 113/167/17 114/172/17
f 69/173/4 68/168/4 100/145/4 101/174/4
f 96/175/32 95/176/32 127/177/32 128/178/32
f 83/179/18 82/171/18 114/172/18 115/180/18
f 70/181/5 69/173/5 101/174/5 102/182/5
f 66/154/33 96/175/33 128/178/33 98/155/33
f 84/183/19 83/179/19 115/180/19 116/184/19
f 71/185/6 70/181/6 102/182/6 103/186/6
f 85/187/20 84/183/20 116/184/20 117/188/20
f 72/189/7 71/190/7 103/191/7 104/192/7
f 86/193/21 85/187/21 117/188/21 118/194/21
f 73/195/8 72/189/8 104/192/8 105/196/8
f 87/197/22 86/193/22 118/194/22 119/198/22
f 74/199/9 73/195/9 105/196/9 106/200/9
f 88/201/23 87/202/23 119/203/23 120/204/23
f 75/205/10 74/199/10 106/200/10 107/206/10
f 89/207/24 88/201/24 120/204/24 121/208/24
f 76/209/11 75/205/11 107/206/11 108/210/11
f 90/211/25 89/207/25 121/208/25 122/212/25
f 77/213/12 76/209/12 108/210/12 109/214/12
f 91/82/26 90/211/26 122/212/26 123/83/26
f 78/150/13 77/213/13 109/214/13 110/151/13
f 135/215/67 134/216/67 166/216/67 167/215/67
f 127/170/68 126/163/68 158/217/68 159/218/68
f 114/172/69 113/167/69 145/219/69 146/220/69
f 101/174/70 100/145/70 132/148/70 133/221/70
f 128/178/71 127/177/71 159/222/71 160/223/71
f 115/180/72 114/172/72 146/220/72 147/224/72
f 102/182/73 101/174/73 133/221/73 134/225/73
f 98/155/74 128/178/74 160/223/74 130/226/74
f 116/184/75 115/180/75 147/224/75 148/227/75
f 103/186/76 102/182/76 134/225/76 135/228/76
f 117/188/77 116/184/77 148/227/77 149/229/77
f 104/192/78 103/191/78 135/230/78 136/231/78
f 118/194/79 117/188/79 149/229/79 150/232/79
f 105/196/80 104/192/80 136/231/80 137/233/80
f 119/198/81 118/194/81 150/232/81 151/234/81
f 106/200/82 105/196/82 137/233/82 138/235/82
f 120/204/83 119/203/83 151/236/83 152/237/83
f 107/206/84 106/200/84 138/235/84 139/238/84
f 121/208/85 120/204/85 152/237/85 153/239/85
f 108/210/86 107/206/86 139/238/86 140/240/86
f 122/212/87 121/208/87 153/239/87 154/241/87
f 109/214/88 108/210/88 140/240/88 141/242/88
f 123/83/89 122/212/89 154/241/89 155/243/89
f 110/151/90 109/214/90 141/242/90 142/244/90
f 124/84/91 123/83/91 155/243/91 156/245/91
f 111/152/92 110/151/92 142/244/92 143/246/92
f 97/156/93 98/155/93 130/226/93 129/247/93
f 125/158/94 124/84/94 156/245/94 157/248/94
f 112/160/95 111/152/95 143/246/95 144/249/95
f 99/146/96 97/156/96 129/247/96 131/147/96
f 126/163/97 125/158/97 157/248/97 158/217/97
f 113/167/98 112/166/98 144/250/98 145/219/98
f 149/251/67 148/252/67 180/252/67 181/251/67
f 136/253/67 135/215/67 167/215/67 168/253/67
f 150/254/67 149/251/67 181/251/67 182/254/67
f 137/255/67 136/253/67 168/253/67 169/255/67
f 151/256/67 150/254/67 182/254/67 183/256/67
f 138/257/67 137/255/67 169/255/67 170/257/67
f 152/258/67 151/256/67 183/256/67 184/258/67
f 139/259/67 138/257/67 170/257/67 171/259/67
f 153/260/67 152/258/67 184/258/67 185/260/67
f 140/261/67 139/259/67 171/259/67 172/261/67
f 154/262/67 153/260/67 185/260/67 186/262/67
f 141/263/67 140/261/67 172/261/67 173/263/67
f 155/264/67 154/262/67 186/262/67 187/264/67
f 142/265/67 141/263/67 173/263/67 174/265/67
f 156/266/67 155/264/67 187/264/67 188/266/67
f 143/267/67 142/265/67 174/265/67 175/267/67
f 129/268/67 130/269/67 162/269/67 161/268/67
f 157/270/67 156/266/67 188/266/67 189/270/67
f 144/271/67 143/267/67 175/267/67 176/271/67
f 131/272/67 129/268/67 161/268/67 163/272/67
f 158/273/67 157/270/67 189/270/67 190/273/67
f 145/274/67 144/271/67 176/271/67 177/274/67
f 132/275/67 131/272/67 163/272/67 164/275/67
f 159/276/67 158/273/67 190/273/67 191/276/67
f 146/277/67 145/274/67 177/274/67 178/277/67
f 133/278/67 132/275/67 164/275/67 165/278/67
f 160/279/67 159/276/67 191/276/67 192/279/67
f 147/280/67 146/277/67 178/277/67 179/280/67
f 134/216/67 133/278/67 165/278/67 166/216/67
f 130/281/67 160/279/67 192/279/67 162/281/67
f 148/252/67 147/280/67 179/280/67 180/252/67
f 213/282/20 212/283/20 244/284/20 245/285/20
f 248/286/99 247/287/99 279/288/99 280/289/99
f 200/290/7 199/291/7 231/292/7 232/293/7
f 214/294/21 213/282/21 245/285/21 246/295/21
f 201/296/8 200/290/8 232/293/8 233/297/8
f 215/298/22 214/294/22 246/295/22 247/299/22
f 202/300/9 201/296/9 233/297/9 234/301/9
f 216/302/23 215/303/23 247/304/23 248/305/23
f 203/306/10 202/300/10 234/301/10 235/307/10
f 217/308/24 216/302/24 248/305/24 249/309/24
f 204/310/11 203/306/11 235/307/11 236/311/11
f 218/312/25 217/308/25 249/309/25 250/313/25
f 205/314/12 204/310/12 236/311/12 237/315/12
f 219/316/26 218/312/26 250/313/26 251/317/26
f 206/318/13 205/314/13 237/315/13 238/319/13
f 220/320/27 219/316/27 251/317/27 252/321/27
f 207/322/14 206/318/14 238/319/14 239/323/14
f 193/324/1 194/325/1 226/326/1 225/327/1
f 221/328/28 220/320/28 252/321/28 253/329/28
f 208/330/15 207/322/15 239/323/15 240/331/15
f 195/332/2 193/324/2 225/327/2 227/333/2
f 222/334/29 221/328/29 253/329/29 254/335/29
f 209/336/16 208/337/16 240/338/16 241/339/16
f 196/340/3 195/332/3 227/333/3 228/341/3
f 223/342/30 222/334/30 254/335/30 255/343/30
f 210/344/17 209/336/17 241/339/17 242/345/17
f 197/346/4 196/340/4 228/341/4 229/347/4
f 224/348/32 223/349/32 255/350/32 256/351/32
f 211/352/18 210/344/18 242/345/18 243/353/18
f 198/354/5 197/346/5 229/347/5 230/355/5
f 194/325/33 224/348/33 256/351/33 226/326/33
f 212/283/19 211/352/19 243/353/19 244/284/19
f 199/356/6 198/354/6 230/355/6 231/357/6
f 283/264/67 282/262/67 314/262/67 315/264/67
f 235/358/100 234/359/100 266/360/100 267/361/100
f 249/362/101 248/286/101 280/289/101 281/363/101
f 236/364/102 235/358/102 267/361/102 268/365/102
f 250/366/103 249/362/103 281/363/103 282/367/103
f 237/368/104 236/364/104 268/365/104 269/369/104
f 251/370/105 250/366/105 282/367/105 283/371/105
f 238/372/106 237/368/106 269/369/106 270/373/106
f 252/374/107 251/370/107 283/371/107 284/375/107
f 239/376/108 238/372/108 270/373/108 271/377/108
f 225/378/109 226/379/109 258/380/109 257/381/109
f 253/382/110 252/374/110 284/375/110 285/383/110
f 240/384/111 239/376/111 271/377/111 272/385/111
f 227/386/112 225/378/112 257/381/112 259/387/112
f 254/388/113 253/382/113 285/383/113 286/389/113
f 241/390/114 240/384/114 272/385/114 273/391/114
f 228/392/115 227/386/115 259/387/115 260/393/115
f 255/394/116 254/388/116 286/389/116 287/395/116
f 242/396/117 241/390/117 273/391/117 274/397/117
f 229/398/118 228/392/118 260/393/118 261/399/118
f 256/400/119 255/394/119 287/395/119 288/401/119
f 243/402/120 242/396/120 274/397/120 275/403/120
f 230/404/121 229/398/121 261/399/121 262/405/121
f 226/379/122 256/400/122 288/401/122 258/380/122
f 244/406/123 243/402/123 275/403/123 276/407/123
f 231/408/124 230/404/124 262/405/124 263/409/124
f 245/410/125 244/406/125 276/407/125 277/411/125
f 232/412/126 231/408/126 263/409/126 264/413/126
f 246/414/127 245/410/127 277/411/127 278/415/127
f 233/416/128 232/412/128 264/413/128 265/417/128
f 247/287/129 246/414/129 278/415/129 279/288/129
f 234/359/130 233/416/130 265/417/130 266/360/130
f 318/418/29 317/419/29 349/420/29 350/421/29
f 270/265/67 269/263/67 301/263/67 302/265/67
f 284/266/67 283/264/67 315/264/67 316/266/67
f 271/267/67 270/265/67 302/265/67 303/267/67
f 257/268/67 258/269/67 290/269/67 289/268/67
f 285/270/67 284/266/67 316/266/67 317/270/67
f 272/271/67 271/267/67 303/267/67 304/271/67
f 259/272/67 257/268/67 289/268/67 291/272/67
f 286/273/67 285/270/67 317/270/67 318/273/67
f 273/274/67 272/271/67 304/271/67 305/274/67
f 260/275/67 259/272/67 291/272/67 292/275/67
f 287/276/67 286/273/67 318/273/67 319/276/67
f 274/277/67 273/274/67 305/274/67 306/277/67
f 261/278/67 260/275/67 292/275/67 293/278/67
f 288/279/67 287/276/67 319/276/67 320/279/67
f 275/280/67 274/277/67 306/277/67 307/280/67
f 262/216/67 261/278/67 293/278/67 294/216/67
f 258/281/67 288/279/67 320/279/67 290/281/67
f 276/252/67 275/280/67 307/280/67 308/252/67
f 263/215/67 262/216/67 294/216/67 295/215/67
f 277/251/67 276/252/67 308/252/67 309/251/67
f 264/253/67 263/215/67 295/215/67 296/253/67
f 278/254/67 277/251/67 309/251/67 310/254/67
f 265/255/67 264/253/67 296/253/67 297/255/67
f 279/256/67 278/254/67 310/254/67 311/256/67
f 266/257/67 265/255/67 297/255/67 298/257/67
f 280/258/67 279/256/67 311/256/67 312/258/67
f 267/259/67 266/257/67 298/257/67 299/259/67
f 281/260/67 280/258/67 312/258/67 313/260/67
f 268/261/67 267/259/67 299/259/67 300/261/67
f 282/262/67 281/260/67 313/260/67 314/262/67
f 269/263/67 268/261/67 300/261/67 301/263/67
f 327/422/131 326/423/131 358/424/131 359/425/131
f 305/426/16 304/427/16 336/428/16 337/429/16
f 292/430/3 291/431/3 323/432/3 324/433/3
f 319/434/30 318/418/30 350/421/30 351/435/30
f 306/436/17 305/426/17 337/429/17 338/437/17
f 293/438/4 292/430/4 324/433/4 325/439/4
f 320/440/32 319/441/32 351/442/32 352/443/32
f 307/444/18 306/436/18 338/437/18 339/445/18
f 294/446/5 293/438/5 325/439/5 326/447/5
f 290/448/33 320/440/33 352/443/33 322/449/33
f 308/450/19 307/444/19 339/445/19 340/451/19
f 295/452/6 294/446/6 326/447/6 327/453/6
f 309/454/20 308/450/20 340/451/20 341/455/20
f 296/456/7 295/457/7 327/458/7 328/459/7
f 310/460/21 309/454/21 341/455/21 342/461/21
f 297/462/8 296/456/8 328/459/8 329/463/8
f 311/464/22 310/460/22 342/461/22 343/465/22
f 298/466/9 297/462/9 329/463/9 330/467/9
f 312/468/23 311/469/23 343/470/23 344/471/23
f 299/472/10 298/466/10 330/467/10 331/473/10
f 313/474/24 312/468/24 344/471/24 345/475/24
f 300/476/11 299/472/11 331/473/11 332/477/11
f 314/478/25 313/474/25 345/475/25 346/479/25
f 301/480/12 300/476/12 332/477/12 333/481/12
f 315/482/26 314/478/26 346/479/26 347/483/26
f 302/484/13 301/480/13 333/481/13 334/485/13
f 316/486/27 315/482/27 347/483/27 348/487/27
f 303/488/14 302/484/14 334/485/14 335/489/14
f 289/490/1 290/448/1 322/449/1 321/491/1
f 317/419/28 316/486/28 348/487/28 349/420/28
f 304/492/15 303/488/15 335/489/15 336/493/15
f 291/431/2 289/490/2 321/491/2 323/432/2
f 362/257/132 361/255/132 393/255/132 394/257/132
f 341/494/133 340/495/133 372/496/133 373/497/133
f 328/498/134 327/422/134 359/425/134 360/499/134
f 342/500/135 341/494/135 373/497/135 374/501/135
f 329/502/136 328/498/136 360/499/136 361/503/136
f 343/504/137 342/500/137 374/501/137 375/505/137
f 330/506/138 329/502/138 361/503/138 362/507/138
f 344/508/139 343/504/139 375/505/139 376/509/139
f 331/510/140 330/506/140 362/507/140 363/511/140
f 345/512/141 344/508/141 376/509/141 377/513/141
f 332/514/142 331/510/142 363/511/142 364/515/142
f 346/516/143 345/512/143 377/513/143 378/517/143
f 333/518/144 332/514/144 364/515/144 365/519/144
f 347/520/145 346/516/145 378/517/145 379/521/145
f 334/522/146 333/518/146 365/519/146 366/523/146
f 348/524/147 347/520/147 379/521/147 380/525/147
f 335/526/148 334/522/148 366/523/148 367/527/148
f 321/528/149 322/529/149 354/530/149 353/531/149
f 349/532/150 348/524/150 380/525/150 381/533/150
f 336/534/151 335/526/151 367/527/151 368/535/151
f 323/536/152 321/528/152 353/531/152 355/537/152
f 350/538/153 349/532/153 381/533/153 382/539/153
f 337/540/154 336/534/154 368/535/154 369/541/154
f 324/542/155 323/536/155 355/537/155 356/543/155
f 351/544/156 350/538/156 382/539/156 383/545/156
f 338/546/157 337/540/157 369/541/157 370/547/157
f 325/548/158 324/542/158 356/543/158 357/549/158
f 352/550/159 351/544/159 383/545/159 384/551/159
f 339/552/160 338/546/160 370/547/160 371/553/160
f 326/423/161 325/548/161 357/549/161 358/424/161
f 322/529/162 352/550/162 384/551/162 354/530/162
f 340/495/163 339/552/163 371/553/163 372/496/163
f 397/554/164 396/555/164 428/556/164 429/557/164
f 376/258/165 375/256/165 407/256/165 408/258/165
f 363/259/166 362/257/166 394/257/166 395/259/166
f 377/260/167 376/258/167 408/258/167 409/260/167
f 364/261/168 363/259/168 395/259/168 396/261/168
f 378/262/169 377/260/169 409/260/169 410/262/169
f 365/263/170 364/261/170 396/261/170 397/263/170
f 379/264/171 378/262/171 410/262/171 411/264/171
f 366/265/172 365/263/172 397/263/172 398/265/172
f 380/266/173 379/264/173 411/264/173 412/266/173
f 367/267/174 366/265/174 398/265/174 399/267/174
f 353/268/175 354/269/175 386/269/175 385/268/175
f 381/270/176 380/266/176 412/266/176 413/270/176
f 368/271/177 367/267/177 399/267/177 400/271/177
f 355/272/178 353/268/178 385/268/178 387/272/178
f 382/273/179 381/270/179 413/270/179 414/273/179
f 369/274/180 368/271/180 400/271/180 401/274/180
f 356/275/181 355/272/181 387/272/181 388/275/181
f 383/276/182 382/273/182 414/273/182 415/276/182
f 370/277/183 369/274/183 401/274/183 402/277/183
f 357/278/184 356/275/184 388/275/184 389/278/184
f 384/279/185 383/276/185 415/276/185 416/279/185
f 371/280/186 370/277/186 402/277/186 403/280/186
f 358/216/187 357/278/187 389/278/187 390/216/187
f 354/281/188 384/279/188 416/279/188 386/281/188
f 372/252/189 371/280/189 403/280/189 404/252/189
f 359/215/190 358/216/190 390/216/190 391/215/190
f 373/251/191 372/252/191 404/252/191 405/251/191
f 360/253/192 359/215/192 391/215/192 392/253/192
f 374/254/193 373/251/193 405/251/193 406/254/193
f 361/255/194 360/253/194 392/253/194 393/255/194
f 375/256/195 374/254/195 406/254/195 407/256/195
f 432/271/196 431/267/196 463/267/196 464/271/196
f 411/558/197 410/559/197 442/560/197 443/561/197
f 398/562/198 397/554/198 429/557/198 430/563/198
f 412/564/199 411/558/199 443/561/199 444/565/199
f 399/566/200 398/562/200 430/563/200 431/567/200
f 385/268/201 386/269/201 418/269/201 417/268/201
f 413/568/202 412/564/202 444/565/202 445/569/202
f 400/570/203 399/566/203 431/567/203 432/571/203
f 387/272/204 385/268/204 417/268/204 419/272/204
f 414/572/205 413/568/205 445/569/205 446/573/205
f 401/574/206 400/570/206 432/571/206 433/575/206
f 388/275/207 387/272/207 419/272/207 420/275/207
f 415/576/208 414/572/208 446/573/208 447/577/208
f 402/578/209 401/574/209 433/575/209 434/579/209
f 389/580/210 388/581/210 420/582/210 421/583/210
f 416/584/211 415/576/211 447/577/211 448/585/211
f 403/586/212 402/578/212 434/579/212 435/587/212
f 390/588/213 389/580/213 421/583/213 422/589/213
f 386/590/214 416/584/214 448/585/214 418/591/214
f 404/592/215 403/586/215 435/587/215 436/593/215
f 391/594/216 390/588/216 422/589/216 423/595/216
f 405/596/217 404/592/217 436/593/217 437/597/217
f 392/598/218 391/594/218 423/595/218 424/599/218
f 406/600/219 405/596/219 437/597/219 438/601/219
f 393/602/220 392/598/220 424/599/220 425/603/220
f 407/604/221 406/600/221 438/601/221 439/605/221
f 394/606/222 393/602/222 425/603/222 426/607/222
f 408/608/223 407/604/223 439/605/223 440/609/223
f 395/610/224 394/606/224 426/607/224 427/611/224
f 409/612/225 408/608/225 440/609/225 441/613/225
f 396/555/226 395/610/226 427/611/226 428/556/226
f 410/559/227 409/612/227 441/613/227 442/560/227
f 419/272/228 417/268/228 449/268/228 451/272/228
f 446/273/229 445/270/229 477/270/229 478/273/229
f 433/274/230 432/271/230 464/271/230 465/274/230
f 420/275/231 419/272/231 451/272/231 452/275/231
f 447/276/232 446/273/232 478/273/232 479/276/232
f 434/277/233 433/274/233 465/274/233 466/277/233
f 421/278/234 420/275/234 452/275/234 453/278/234
f 448/279/235 447/276/235 479/276/235 480/279/235
f 435/280/236 434/277/236 466/277/236 467/280/236
f 422/216/237 421/278/237 453/278/237 454/216/237
f 418/281/238 448/279/238 480/279/238 450/281/238
f 436/252/239 435/280/239 467/280/239 468/252/239
f 423/215/240 422/216/240 454/216/240 455/215/240
f 437/251/241 436/252/241 468/252/241 469/251/241
f 424/253/242 423/215/242 455/215/242 456/253/242
f 438/254/243 437/251/243 469/251/243 470/254/243
f 425/255/244 424/253/244 456/253/244 457/255/244
f 439/256/245 438/254/245 470/254/245 471/256/245
f 426/257/246 425/255/246 457/255/246 458/257/246
f 440/258/247 439/256/247 471/256/247 472/258/247
f 427/259/248 426/257/248 458/257/248 459/259/248
f 441/260/249 440/258/249 472/258/249 473/260/249
f 428/261/250 427/259/250 459/259/250 460/261/250
f 442/262/251 441/260/251 473/260/251 474/262/251
f 429/263/252 428/261/252 460/261/252 461/263/252
f 443/264/253 442/262/253 474/262/253 475/264/253
f 430/265/254 429/263/254 461/263/254 462/265/254
f 444/266/255 443/264/255 475/264/255 476/266/255
f 431/267/256 430/265/256 462/265/256 463/267/256
f 417/268/257 418/269/257 450/269/257 449/268/257
f 445/270/258 444/266/258 476/266/258 477/270/258
f 482/614/259 483/615/259 484/616/259 481/617/259
f 486/618/260 482/614/260 481/617/260 485/619/260
f 488/620/261 486/618/261 485/619/261 487/621/261
f 490/622/262 488/620/262 487/621/262 489/623/262
f 492/624/263 490/622/263 489/623/263 491/625/263
f 494/626/264 492/624/264 491/625/264 493/627/264
f 496/628/265 494/626/265 493/627/265 495/629/265
f 498/630/266 496/628/266 495/629/266 497/631/266
f 500/632/267 498/630/267 497/631/267 499/633/267
f 502/634/268 500/632/268 499/633/268 501/635/268
f 504/636/269 502/634/269 501/635/269 503/637/269
f 506/638/270 504/636/270 503/637/270 505/639/270
f 508/640/271 506/638/271 505/639/271 507/641/271
f 510/642/272 508/640/272 507/641/272 509/643/272
f 512/644/273 510/642/273 509/643/273 511/645/273
f 514/646/274 512/644/274 511/645/274 513/647/274
f 516/648/275 514/646/275 513/647/275 515/649/275
f 518/650/276 516/648/276 515/649/276 517/651/276
f 520/652/277 518/650/277 517/651/277 519/653/277
f 522/654/278 520/652/278 519/653/278 521/655/278
f 524/656/279 522/654/279 521/655/279 523/657/279
f 526/658/280 524/656/280 523/657/280 525/659/280
f 528/660/281 526/658/281 525/659/281 527/661/281
f 530/662/282 528/660/282 527/661/282 529/663/282
f 532/664/283 530/662/283 529/663/283 531/665/283
f 534/666/284 532/664/284 531/665/284 533/667/284
f 536/668/285 534/666/285 533/667/285 535/669/285
f 538/670/286 536/668/286 535/669/286 537/671/286
f 540/672/287 538/670/287 537/671/287 539/673/287
f 542/674/288 540/672/288 539/673/288 541/675/288
f 544/676/289 542/674/289 541/675/289 543/677/289
f 483/615/290 544/676/290 543/677/290 484/616/290
f 540/672/291 542/674/291 767/674/291 766/672/291
f 481/617/67 484/616/67 543/677/67 541/675/67 539/673/67 537/671/67 535/669/67 533/667/67 531/665/67 529/663/67 527/661/67 525/659/67 523/657/67 521/655/67 519/653/67 517/651/67 515/649/67 513/647/67 511/645/67 509/643/67 507/641/67 505/639/67 503/637/67 501/635/67 499/633/67 497/631/67 495/629/67 493/627/67 491/625/67 489/623/67 487/621/67 485/619/67
f 522/654/292 524/656/292 758/656/292 757/654/292
f 797/678/293 795/254/293 726/254/293 727/256/293
f 504/636/294 506/638/294 749/638/294 748/636/294
f 795/254/295 769/679/295 725/251/295 726/254/295
f 486/618/296 488/620/296 740/620/296 739/618/296
f 769/679/297 771/680/297 724/252/297 725/251/297
f 538/670/298 540/672/298 766/672/298 765/670/298
f 520/652/299 522/654/299 757/654/299 756/652/299
f 771/680/300 773/681/300 723/280/300 724/252/300
f 502/634/301 504/636/301 748/636/301 747/634/301
f 773/681/302 775/682/302 722/277/302 723/280/302
f 482/614/303 486/618/303 739/618/303 737/614/303
f 775/682/304 777/683/304 721/274/304 722/277/304
f 536/668/305 538/670/305 765/670/305 764/668/305
f 518/650/306 520/652/306 756/652/306 755/650/306
f 777/683/307 779/684/307 720/271/307 721/274/307
f 500/632/308 502/634/308 747/634/308 746/632/308
f 779/684/309 781/685/309 719/267/309 720/271/309
f 781/685/310 783/686/310 718/265/310 719/267/310
f 534/666/311 536/668/311 764/668/311 763/666/311
f 483/615/312 482/614/312 737/614/312 738/615/312
f 516/648/313 518/650/313 755/650/313 754/648/313
f 783/686/314 785/687/314 717/263/314 718/265/314
f 498/630/315 500/632/315 746/632/315 745/630/315
f 785/687/316 787/688/316 716/261/316 717/263/316
f 787/688/317 789/689/317 715/259/317 716/261/317
f 532/664/318 534/666/318 763/666/318 762/664/318
f 514/646/319 516/648/319 754/648/319 753/646/319
f 789/689/320 791/690/320 714/257/320 715/259/320
f 496/628/321 498/630/321 745/630/321 744/628/321
f 791/690/322 794/255/322 713/255/322 714/257/322
f 546/691/323 547/692/323 548/693/323 545/694/323
f 550/695/324 546/691/324 545/694/324 549/696/324
f 552/697/325 550/695/325 549/696/325 551/698/325
f 554/699/326 552/697/326 551/698/326 553/700/326
f 556/701/327 554/699/327 553/700/327 555/702/327
f 558/703/328 556/701/328 555/702/328 557/704/328
f 560/705/329 558/706/329 557/707/329 559/708/329
f 562/709/330 560/710/330 559/711/330 561/712/330
f 564/713/331 562/709/331 561/712/331 563/714/331
f 566/715/332 564/713/332 563/714/332 565/716/332
f 568/717/333 566/715/333 565/716/333 567/718/333
f 570/719/334 568/717/334 567/718/334 569/720/334
f 572/721/335 570/719/335 569/720/335 571/722/335
f 574/723/336 572/721/336 571/722/336 573/724/336
f 576/725/337 574/726/337 573/727/337 575/728/337
f 578/729/338 576/730/338 575/731/338 577/732/338
f 580/733/339 578/729/339 577/732/339 579/734/339
f 582/735/340 580/733/340 579/734/340 581/736/340
f 584/737/341 582/735/341 581/736/341 583/738/341
f 586/739/342 584/737/342 583/738/342 585/740/342
f 588/741/343 586/739/343 585/740/343 587/742/343
f 590/743/344 588/741/344 587/742/344 589/744/344
f 592/745/345 590/746/345 589/747/345 591/748/345
f 594/749/346 592/745/346 591/748/346 593/750/346
f 596/751/347 594/749/347 593/750/347 595/752/347
f 598/753/348 596/751/348 595/752/348 597/754/348
f 600/755/349 598/753/349 597/754/349 599/756/349
f 602/757/350 600/755/350 599/756/350 601/758/350
f 604/759/351 602/757/351 601/758/351 603/760/351
f 606/761/352 604/762/352 603/763/352 605/764/352
f 608/765/353 606/761/353 605/764/353 607/766/353
f 547/692/354 608/767/354 607/768/354 548/693/354
f 545/769/355 548/770/355 194/771/355 193/772/355
f 163/773/2 161/774/2 546/691/2 550/695/2
f 161/774/1 162/775/1 547/692/1 546/691/1
f 549/776/356 545/769/356 193/772/356 195/777/356
f 548/770/357 607/766/357 224/778/357 194/771/357
f 162/775/33 192/779/33 608/767/33 547/692/33
f 164/780/3 163/773/3 550/695/3 552/697/3
f 551/781/358 549/776/358 195/777/358 196/782/358
f 165/783/4 164/780/4 552/697/4 554/699/4
f 553/784/359 551/781/359 196/782/359 197/785/359
f 166/786/5 165/783/5 554/699/5 556/701/5
f 555/787/360 553/784/360 197/785/360 198/788/360
f 167/789/6 166/786/6 556/701/6 558/703/6
f 557/707/361 555/787/361 198/788/361 199/790/361
f 168/791/7 167/792/7 558/793/7 560/710/7
f 559/708/362 557/707/362 199/790/362 200/794/362
f 169/795/8 168/791/8 560/710/8 562/709/8
f 561/796/363 559/708/363 200/794/363 201/797/363
f 170/798/9 169/795/9 562/709/9 564/713/9
f 563/799/364 561/796/364 201/797/364 202/800/364
f 171/801/10 170/798/10 564/713/10 566/715/10
f 565/802/365 563/799/365 202/800/365 203/803/365
f 172/804/11 171/801/11 566/715/11 568/717/11
f 567/805/366 565/802/366 203/803/366 204/806/366
f 173/807/12 172/804/12 568/717/12 570/719/12
f 569/808/367 567/805/367 204/806/367 205/809/367
f 571/810/368 569/808/368 205/809/368 206/811/368
f 174/812/13 173/807/13 570/719/13 572/721/13
f 175/813/14 174/812/14 572/721/14 574/723/14
f 573/727/369 571/810/369 206/811/369 207/814/369
f 176/815/15 175/813/15 574/723/15 576/816/15
f 575/728/370 573/727/370 207/814/370 208/817/370
f 177/818/16 176/819/16 576/730/16 578/729/16
f 577/820/371 575/728/371 208/817/371 209/821/371
f 178/822/17 177/818/17 578/729/17 580/733/17
f 579/823/372 577/820/372 209/821/372 210/824/372
f 179/825/18 178/822/18 580/733/18 582/735/18
f 581/826/373 579/823/373 210/824/373 211/827/373
f 180/828/19 179/825/19 582/735/19 584/737/19
f 583/829/374 581/826/374 211/827/374 212/830/374
f 181/831/20 180/828/20 584/737/20 586/739/20
f 585/832/375 583/829/375 212/830/375 213/833/375
f 182/834/21 181/831/21 586/739/21 588/741/21
f 587/835/376 585/832/376 213/833/376 214/836/376
f 183/837/22 182/834/22 588/741/22 590/743/22
f 589/838/377 587/835/377 214/836/377 215/839/377
f 184/840/23 183/841/23 590/746/23 592/745/23
f 591/842/378 589/838/378 215/839/378 216/843/378
f 185/844/24 184/840/24 592/745/24 594/749/24
f 593/845/379 591/842/379 216/843/379 217/846/379
f 186/847/25 185/844/25 594/749/25 596/751/25
f 595/848/380 593/845/380 217/846/380 218/849/380
f 187/850/26 186/847/26 596/751/26 598/753/26
f 597/851/381 595/848/381 218/849/381 219/852/381
f 188/853/27 187/850/27 598/753/27 600/755/27
f 599/854/382 597/851/382 219/852/382 220/855/382
f 189/856/28 188/853/28 600/755/28 602/757/28
f 601/857/383 599/854/383 220/855/383 221/858/383
f 190/859/29 189/856/29 602/757/29 604/759/29
f 603/763/384 601/857/384 221/858/384 222/860/384
f 191/861/30 190/859/30 604/759/30 606/862/30
f 605/764/385 603/763/385 222/860/385 223/863/385
f 192/779/32 191/864/32 606/865/32 608/767/32
f 607/766/386 605/764/386 223/863/386 224/778/386
f 635/866/387 636/867/387 668/868/387 667/869/387
f 21/870/388 23/871/388 620/872/388 619/873/388
f 39/874/389 41/875/389 629/876/389 628/877/389
f 57/878/390 59/879/390 638/880/390 637/881/390
f 13/882/391 15/883/391 616/884/391 615/885/391
f 31/886/392 33/887/392 625/888/392 624/889/392
f 49/890/393 51/891/393 634/892/393 633/893/393
f 5/78/394 7/894/394 612/895/394 611/79/394
f 23/871/395 25/896/395 621/897/395 620/872/395
f 41/875/396 43/898/396 630/899/396 629/876/396
f 59/879/397 61/900/397 639/901/397 638/880/397
f 15/883/398 17/902/398 617/903/398 616/884/398
f 33/887/399 35/904/399 626/905/399 625/888/399
f 51/891/400 53/906/400 635/907/400 634/892/400
f 7/894/401 9/908/401 613/909/401 612/895/401
f 25/896/402 27/910/402 622/911/402 621/897/402
f 43/898/403 45/912/403 631/913/403 630/899/403
f 61/900/404 63/914/404 640/915/404 639/901/404
f 17/902/405 19/916/405 618/917/405 617/903/405
f 35/904/406 37/918/406 627/919/406 626/905/406
f 53/906/407 55/920/407 636/921/407 635/907/407
f 9/908/408 11/922/408 614/923/408 613/909/408
f 27/910/409 29/924/409 623/925/409 622/911/409
f 45/912/410 47/926/410 632/927/410 631/913/410
f 1/928/411 3/77/411 610/80/411 609/929/411
f 63/914/412 1/928/412 609/929/412 640/915/412
f 19/916/413 21/870/413 619/873/413 618/917/413
f 37/918/414 39/874/414 628/877/414 627/919/414
f 55/920/415 57/878/415 637/881/415 636/921/415
f 11/922/416 13/882/416 615/885/416 614/923/416
f 29/924/417 31/886/417 624/889/417 623/925/417
f 47/926/418 49/890/418 633/893/418 632/927/418
f 667/930/419 668/931/419 700/932/419 699/933/419
f 622/934/420 623/935/420 655/935/420 654/934/420
f 609/936/421 610/937/421 642/938/421 641/939/421
f 636/867/422 637/940/422 669/941/422 668/868/422
f 623/935/423 624/942/423 656/942/423 655/935/423
f 610/937/424 611/943/424 643/944/424 642/938/424
f 637/945/425 638/946/425 670/946/425 669/945/425
f 624/942/426 625/947/426 657/947/426 656/942/426
f 611/943/427 612/948/427 644/949/427 643/944/427
f 638/950/428 639/951/428 671/952/428 670/953/428
f 625/947/429 626/954/429 658/954/429 657/947/429
f 612/955/430 613/956/430 645/956/430 644/955/430
f 639/957/431 640/958/431 672/959/431 671/960/431
f 626/954/432 627/961/432 659/961/432 658/954/432
f 613/956/433 614/962/433 646/962/433 645/956/433
f 640/958/434 609/936/434 641/939/434 672/959/434
f 627/961/435 628/963/435 660/963/435 659/961/435
f 614/962/436 615/964/436 647/964/436 646/962/436
f 628/963/437 629/965/437 661/965/437 660/963/437
f 615/964/438 616/966/438 648/966/438 647/964/438
f 629/965/439 630/967/439 662/967/439 661/965/439
f 616/966/440 617/968/440 649/968/440 648/966/440
f 630/967/441 631/969/441 663/969/441 662/967/441
f 617/968/442 618/970/442 650/970/442 649/968/442
f 631/971/443 632/972/443 664/973/443 663/974/443
f 618/970/444 619/975/444 651/975/444 650/970/444
f 632/976/445 633/977/445 665/977/445 664/976/445
f 619/975/446 620/978/446 652/978/446 651/975/446
f 633/979/447 634/980/447 666/981/447 665/982/447
f 620/978/448 621/983/448 653/983/448 652/978/448
f 634/980/449 635/866/449 667/869/449 666/981/449
f 621/983/450 622/934/450 654/934/450 653/983/450
f 673/984/451 674/985/451 675/986/451 676/987/451 677/988/451 678/989/451 679/990/451 680/991/451 681/992/451 682/993/451 683/994/451 684/995/451 685/996/451 686/997/451 687/998/451 688/999/451 689/1000/451 690/1001/451 691/1002/451 692/1003/451 693/1004/451 694/1005/451 695/1006/451 696/1007/451 697/1008/451 698/1009/451 699/933/451 700/932/451 701/1010/451 702/1011/451 703/1012/451 704/1013/451
f 654/1014/452 655/1015/452 687/998/452 686/997/452
f 641/1016/453 642/1017/453 674/985/453 673/984/453
f 668/931/454 669/1018/454 701/1010/454 700/932/454
f 655/1015/455 656/1019/455 688/999/455 687/998/455
f 642/1017/456 643/1020/456 675/986/456 674/985/456
f 669/1018/457 670/1021/457 702/1011/457 701/1010/457
f 656/1019/458 657/1022/458 689/1000/458 688/999/458
f 643/1020/459 644/1023/459 676/987/459 675/986/459
f 670/1021/460 671/1024/460 703/1012/460 702/1011/460
f 657/1022/461 658/1025/461 690/1001/461 689/1000/461
f 644/1023/462 645/1026/462 677/988/462 676/987/462
f 671/1024/463 672/1027/463 704/1013/463 703/1012/463
f 658/1025/464 659/1028/464 691/1002/464 690/1001/464
f 645/1026/465 646/1029/465 678/989/465 677/988/465
f 672/1027/466 641/1016/466 673/984/466 704/1013/466
f 659/1028/467 660/1030/467 692/1003/467 691/1002/467
f 646/1029/468 647/1031/468 679/990/468 678/989/468
f 660/1030/469 661/1032/469 693/1004/469 692/1003/469
f 647/1031/470 648/1033/470 680/991/470 679/990/470
f 661/1032/471 662/1034/471 694/1005/471 693/1004/471
f 648/1033/472 649/1035/472 681/992/472 680/991/472
f 662/1034/473 663/1036/473 695/1006/473 694/1005/473
f 649/1035/474 650/1037/474 682/993/474 681/992/474
f 663/1036/475 664/1038/475 696/1007/475 695/1006/475
f 650/1037/476 651/1039/476 683/994/476 682/993/476
f 664/1038/477 665/1040/477 697/1008/477 696/1007/477
f 651/1039/478 652/1041/478 684/995/478 683/994/478
f 665/1040/479 666/1042/479 698/1009/479 697/1008/479
f 652/1041/480 653/1043/480 685/996/480 684/995/480
f 666/1042/481 667/930/481 699/933/481 698/1009/481
f 653/1043/482 654/1014/482 686/997/482 685/996/482
f 833/1044/483 836/1045/483 738/1046/483 737/1047/483
f 837/1048/484 833/1044/484 737/1047/484 739/1049/484
f 836/1045/485 840/1050/485 768/1051/485 738/1046/485
f 841/1052/486 837/1048/486 739/1049/486 740/1053/486
f 843/1054/487 841/1052/487 740/1053/487 741/1055/487
f 845/1056/488 843/1054/488 741/1055/488 742/1057/488
f 847/1058/489 845/1056/489 742/1057/489 743/1059/489
f 849/1060/490 847/1061/490 743/1062/490 744/1063/490
f 851/1064/491 849/1060/491 744/1063/491 745/1065/491
f 853/1066/492 851/1064/492 745/1065/492 746/1067/492
f 855/1068/493 853/1066/493 746/1067/493 747/1069/493
f 857/1070/494 855/1068/494 747/1069/494 748/1071/494
f 859/1072/495 857/1070/495 748/1071/495 749/1073/495
f 861/1074/496 859/1072/496 749/1073/496 750/1075/496
f 863/1076/497 861/1074/497 750/1075/497 751/1077/497
f 865/1078/498 863/1076/498 751/1077/498 752/1079/498
f 867/1080/499 865/1081/499 752/1082/499 753/1083/499
f 869/1084/500 867/1080/500 753/1083/500 754/1085/500
f 871/1086/501 869/1084/501 754/1085/501 755/1087/501
f 873/1088/502 871/1086/502 755/1087/502 756/1089/502
f 875/1090/503 873/1088/503 756/1089/503 757/1091/503
f 877/1092/504 875/1090/504 757/1091/504 758/1093/504
f 879/1094/505 877/1092/505 758/1093/505 759/1095/505
f 881/1096/506 879/1097/506 759/1098/506 760/1099/506
f 883/1100/507 881/1096/507 760/1099/507 761/1101/507
f 885/1102/508 883/1100/508 761/1101/508 762/1103/508
f 887/1104/509 885/1102/509 762/1103/509 763/1105/509
f 889/1106/510 887/1104/510 763/1105/510 764/1107/510
f 891/1108/511 889/1106/511 764/1107/511 765/1109/511
f 893/1110/512 891/1108/512 765/1109/512 766/1111/512
f 895/1112/513 893/1110/513 766/1111/513 767/1113/513
f 840/1050/514 895/1114/514 767/1115/514 768/1051/514
f 799/258/515 797/678/515 727/256/515 728/258/515
f 488/620/516 490/622/516 741/622/516 740/620/516
f 801/260/517 799/258/517 728/258/517 729/260/517
f 506/638/518 508/640/518 750/640/518 749/638/518
f 803/1116/519 801/260/519 729/260/519 730/262/519
f 524/656/520 526/658/520 759/658/520 758/656/520
f 542/674/521 544/676/521 768/676/521 767/674/521
f 805/1117/522 803/1116/522 730/262/522 731/264/522
f 490/622/523 492/624/523 742/624/523 741/622/523
f 807/1118/524 805/1117/524 731/264/524 732/266/524
f 811/1119/525 810/269/525 706/269/525 705/268/525
f 508/640/526 510/642/526 751/642/526 750/640/526
f 544/676/527 483/615/527 738/615/527 768/676/527
f 813/270/528 807/1118/528 732/266/528 733/270/528
f 526/658/529 528/660/529 760/660/529 759/658/529
f 815/1120/530 811/1119/530 705/268/530 707/272/530
f 817/1121/531 813/270/531 733/270/531 734/273/531
f 819/1122/532 815/1120/532 707/272/532 708/275/532
f 492/624/533 494/626/533 743/626/533 742/624/533
f 821/1123/534 817/1121/534 734/273/534 735/276/534
f 823/1124/535 819/1122/535 708/275/535 709/278/535
f 510/642/536 512/644/536 752/644/536 751/642/536
f 825/279/537 821/1123/537 735/276/537 736/279/537
f 528/660/538 530/662/538 761/662/538 760/660/538
f 827/1125/539 823/1124/539 709/278/539 710/216/539
f 810/281/540 825/279/540 736/279/540 706/281/540
f 829/1126/541 827/1125/541 710/216/541 711/215/541
f 494/626/542 496/628/542 744/628/542 743/626/542
f 831/1127/543 829/1126/543 711/215/543 712/253/543
f 512/644/544 514/646/544 753/646/544 752/644/544
f 530/662/545 532/664/545 762/664/545 761/662/545
f 794/255/546 831/1127/546 712/253/546 713/255/546
f 457/255/547 456/253/547 832/1128/547 793/1129/547
f 793/1129/548 832/1128/548 831/1127/548 794/255/548
f 456/253/549 455/215/549 830/1130/549 832/1128/549
f 832/1128/550 830/1130/550 829/1126/550 831/1127/550
f 455/215/551 454/216/551 828/1131/551 830/1130/551
f 830/1130/552 828/1131/552 827/1125/552 829/1126/552
f 450/281/553 480/279/553 826/279/553 809/281/553
f 809/281/554 826/279/554 825/279/554 810/281/554
f 454/216/555 453/278/555 824/278/555 828/1131/555
f 828/1131/556 824/278/556 823/1124/556 827/1125/556
f 480/279/557 479/276/557 822/1132/557 826/279/557
f 826/279/558 822/1132/558 821/1123/558 825/279/558
f 453/278/559 452/275/559 820/275/559 824/278/559
f 824/278/560 820/275/560 819/1122/560 823/1124/560
f 479/276/561 478/273/561 818/1133/561 822/1132/561
f 822/1132/562 818/1133/562 817/1121/562 821/1123/562
f 452/275/563 451/272/563 816/272/563 820/275/563
f 820/275/564 816/272/564 815/1120/564 819/1122/564
f 478/273/565 477/270/565 814/270/565 818/1133/565
f 818/1133/566 814/270/566 813/270/566 817/1121/566
f 451/272/567 449/268/567 812/268/567 816/272/567
f 816/272/568 812/268/568 811/1119/568 815/1120/568
f 477/270/569 476/266/569 808/266/569 814/270/569
f 814/270/570 808/266/570 807/1118/570 813/270/570
f 449/268/571 450/269/571 809/269/571 812/268/571
f 812/268/572 809/269/572 810/269/572 811/1119/572
f 476/266/573 475/264/573 806/1117/573 808/266/573
f 808/266/574 806/1117/574 805/1117/574 807/1118/574
f 475/264/575 474/262/575 804/262/575 806/1117/575
f 806/1117/576 804/262/576 803/1116/576 805/1117/576
f 474/262/577 473/260/577 802/1134/577 804/262/577
f 804/262/578 802/1134/578 801/260/578 803/1116/578
f 473/260/579 472/258/579 800/258/579 802/1134/579
f 802/1134/580 800/258/580 799/258/580 801/260/580
f 472/258/581 471/256/581 798/256/581 800/258/581
f 800/258/582 798/256/582 797/678/582 799/258/582
f 458/257/583 457/255/583 793/1129/583 792/1135/583
f 792/1135/584 793/1129/584 794/255/584 791/690/584
f 459/259/585 458/257/585 792/1135/585 790/1136/585
f 790/1136/586 792/1135/586 791/690/586 789/689/586
f 460/261/587 459/259/587 790/1136/587 788/1137/587
f 788/1137/588 790/1136/588 789/689/588 787/688/588
f 461/263/589 460/261/589 788/1137/589 786/687/589
f 786/687/590 788/1137/590 787/688/590 785/687/590
f 462/265/591 461/263/591 786/687/591 784/686/591
f 784/686/592 786/687/592 785/687/592 783/686/592
f 463/267/593 462/265/593 784/686/593 782/267/593
f 782/267/594 784/686/594 783/686/594 781/685/594
f 464/271/595 463/267/595 782/267/595 780/684/595
f 780/684/596 782/267/596 781/685/596 779/684/596
f 465/274/597 464/271/597 780/684/597 778/1138/597
f 778/1138/598 780/684/598 779/684/598 777/683/598
f 466/277/599 465/274/599 778/1138/599 776/277/599
f 776/277/600 778/1138/600 777/683/600 775/682/600
f 467/280/601 466/277/601 776/277/601 774/1139/601
f 774/1139/602 776/277/602 775/682/602 773/681/602
f 468/252/603 467/280/603 774/1139/603 772/252/603
f 772/252/604 774/1139/604 773/681/604 771/680/604
f 469/251/605 468/252/605 772/252/605 770/1140/605
f 770/1140/606 772/252/606 771/680/606 769/679/606
f 470/254/607 469/251/607 770/1140/607 796/1141/607
f 796/1141/608 770/1140/608 769/679/608 795/254/608
f 471/256/609 470/254/609 796/1141/609 798/256/609
f 798/256/610 796/1141/610 795/254/610 797/678/610
f 736/1142/611 735/1143/611 896/1144/611 839/1145/611
f 839/1145/612 896/1144/612 895/1114/612 840/1050/612
f 735/1146/613 734/1147/613 894/1148/613 896/1149/613
f 896/1149/614 894/1148/614 893/1110/614 895/1112/614
f 734/1147/615 733/1150/615 892/1151/615 894/1148/615
f 894/1148/616 892/1151/616 891/1108/616 893/1110/616
f 733/1150/617 732/1152/617 890/1153/617 892/1151/617
f 892/1151/618 890/1153/618 889/1106/618 891/1108/618
f 732/1152/619 731/1154/619 888/1155/619 890/1153/619
f 890/1153/620 888/1155/620 887/1104/620 889/1106/620
f 731/1154/621 730/1156/621 886/1157/621 888/1155/621
f 888/1155/622 886/1157/622 885/1102/622 887/1104/622
f 730/1156/623 729/1158/623 884/1159/623 886/1157/623
f 886/1157/624 884/1159/624 883/1100/624 885/1102/624
f 729/1158/625 728/1160/625 882/1161/625 884/1159/625
f 884/1159/626 882/1161/626 881/1096/626 883/1100/626
f 728/1160/627 727/1162/627 880/1163/627 882/1161/627
f 882/1161/628 880/1163/628 879/1097/628 881/1096/628
f 727/1164/629 726/1165/629 878/1166/629 880/1167/629
f 880/1167/630 878/1166/630 877/1092/630 879/1094/630
f 726/1165/631 725/1168/631 876/1169/631 878/1166/631
f 878/1166/632 876/1169/632 875/1090/632 877/1092/632
f 725/1168/633 724/1170/633 874/1171/633 876/1169/633
f 876/1169/634 874/1171/634 873/1088/634 875/1090/634
f 724/1170/635 723/1172/635 872/1173/635 874/1171/635
f 874/1171/636 872/1173/636 871/1086/636 873/1088/636
f 723/1172/637 722/1174/637 870/1175/637 872/1173/637
f 872/1173/638 870/1175/638 869/1084/638 871/1086/638
f 722/1174/639 721/1176/639 868/1177/639 870/1175/639
f 870/1175/640 868/1177/640 867/1080/640 869/1084/640
f 721/1176/641 720/1178/641 866/1179/641 868/1177/641
f 868/1177/642 866/1179/642 865/1081/642 867/1080/642
f 720/1180/643 719/1181/643 864/1182/643 866/1183/643
f 866/1183/644 864/1182/644 863/1076/644 865/1078/644
f 719/1181/645 718/1184/645 862/1185/645 864/1182/645
f 864/1182/646 862/1185/646 861/1074/646 863/1076/646
f 718/1184/647 717/1186/647 860/1187/647 862/1185/647
f 862/1185/648 860/1187/648 859/1072/648 861/1074/648
f 717/1186/649 716/1188/649 858/1189/649 860/1187/649
f 860/1187/650 858/1189/650 857/1070/650 859/1072/650
f 716/1188/651 715/1190/651 856/1191/651 858/1189/651
f 858/1189/652 856/1191/652 855/1068/652 857/1070/652
f 715/1190/653 714/1192/653 854/1193/653 856/1191/653
f 856/1191/654 854/1193/654 853/1066/654 855/1068/654
f 714/1192/655 713/1194/655 852/1195/655 854/1193/655
f 854/1193/656 852/1195/656 851/1064/656 853/1066/656
f 713/1194/657 712/1196/657 850/1197/657 852/1195/657
f 852/1195/658 850/1197/658 849/1060/658 851/1064/658
f 712/1196/659 711/1198/659 848/1199/659 850/1197/659
f 850/1197/660 848/1199/660 847/1061/660 849/1060/660
f 711/1200/661 710/1201/661 846/1202/661 848/1203/661
f 848/1203/662 846/1202/662 845/1056/662 847/1058/662
f 710/1201/663 709/1204/663 844/1205/663 846/1202/663
f 846/1202/664 844/1205/664 843/1054/664 845/1056/664
f 709/1204/665 708/1206/665 842/1207/665 844/1205/665
f 844/1205/666 842/1207/666 841/1052/666 843/1054/666
f 708/1206/667 707/1208/667 838/1209/667 842/1207/667
f 842/1207/668 838/1209/668 837/1048/668 841/1052/668
f 706/1210/669 736/1142/669 839/1145/669 835/1211/669
f 835/1211/670 839/1145/670 840/1050/670 836/1045/670
f 707/1208/671 705/1212/671 834/1213/671 838/1209/671
f 838/1209/672 834/1213/672 833/1044/672 837/1048/672
f 705/1212/673 706/1210/673 835/1211/673 834/1213/673
f 834/1213/674 835/1211/674 836/1045/674 833/1044/674
